email,label,local_entropy,domain_entropy,digit_ratio,special_chars,local_length,domain_length,is_trusted_domain,is_suspicious_tld,has_dot,has_underscore,shortest_part,longest_part
martin_suzuki@example.com.au,normal,3.3927,2.5216,0.0,0,13,7,1,0,0,1,13,13
pierre.mwangi@example.org,normal,3.2389,2.5216,0.0,0,13,7,1,0,1,0,6,6
minh.petrov1981@example.it,normal,3.7736,2.5216,0.2667,0,15,7,1,0,1,0,4,10
ivan.robert1973@example.ru,normal,3.7736,2.5216,0.2667,0,15,7,1,0,1,0,4,10
chidi.janssen@example.net,normal,3.2389,2.5216,0.0,0,13,7,1,0,1,0,5,7
mikhail_gonzalez@example.org,normal,3.5,2.5216,0.0,0,16,7,1,0,0,1,16,16
antoniokariuki@example.fr,normal,2.8963,2.5216,0.0,0,14,7,1,0,0,0,14,14
adaeze.reyes@example.es,normal,2.7516,2.5216,0.0,0,12,7,1,0,1,0,5,6
kenjiodhiambo@example.com,normal,3.3927,2.5216,0.0,0,13,7,1,0,0,0,13,13
françois_morozov@example.com.br,normal,3.375,2.5216,0.0,0,16,7,1,0,0,1,16,16
mehmet_smit@example.com.br,normal,2.6635,2.5216,0.0,0,11,7,1,0,0,1,11,11
alejandraweber@test.com,normal,2.9852,1.5,0.0,0,14,4,1,0,0,0,14,14
jean_braun@example.org,normal,2.9219,2.5216,0.0,0,10,7,1,0,0,1,10,10
alejandra.kumar1986@example.net,normal,3.7216,2.5216,0.2105,0,19,7,1,0,1,0,9,9
kamau_eriksson@example.pl,normal,3.3788,2.5216,0.0,0,14,7,1,0,0,1,14,14
xb3n27m5p7e104@wwbs.loan,spam,3.6645,1.5,0.5714,0,14,4,0,1,0,0,14,14
hyunrossi@example.com.au,normal,2.9477,2.5216,0.0,0,9,7,1,0,0,0,9,9
zawaditurk1981@example.org,normal,3.5216,2.5216,0.2857,0,14,7,1,0,0,0,14,14
beatrizwilson@example.co.uk,normal,3.5466,2.5216,0.0,0,13,7,1,0,0,0,13,13
alejandrotanaka@example.it,normal,2.9996,2.5216,0.0,0,15,7,1,0,0,0,15,15
nguyen_morozov1995@example.es,normal,3.6835,2.5216,0.2222,0,18,7,1,0,0,1,18,18
aishatraore@example.es,normal,2.8454,2.5216,0.0,0,11,7,1,0,0,0,11,11
irissuzuki@example.net,normal,2.4464,2.5216,0.0,0,10,7,1,0,0,0,10,10
jean_mueller@example.co.jp,normal,3.0221,2.5216,0.0,0,12,7,1,0,0,1,12,12
pieter.nguyen@example.co.za,normal,3.1808,2.5216,0.0,0,13,7,1,0,1,0,6,6
giulia.gonzalez@example.it,normal,3.2402,2.5216,0.0,0,15,7,1,0,1,0,6,8
sven.gallo@test.com,normal,3.1219,1.5,0.0,0,10,4,1,0,1,0,4,5
3u1hbj6txfo6@0kqsosx4.site,spam,3.4183,2.75,0.3333,0,12,8,0,1,0,0,12,12
martin_diallo@example.es,normal,3.2389,2.5216,0.0,0,13,7,1,0,0,1,13,13
hiroshi.hoffmann@example.de,normal,3.2028,2.5216,0.0,0,16,7,1,0,1,0,7,8
kwamelaurent@example.it,normal,3.2516,2.5216,0.0,0,12,7,1,0,0,0,12,12
hiroshichen@example.pl,normal,2.8454,2.5216,0.0,0,11,7,1,0,0,0,11,11
budimorales@example.com,normal,3.4594,2.5216,0.0,0,11,7,1,0,0,0,11,11
27582a48d4e6e51@ws44.biz,spam,3.2402,1.5,0.7333,0,15,4,0,1,0,0,15,15
mei.joshi@example.org,normal,2.9477,2.5216,0.0,0,9,7,1,0,1,0,3,5
fernandoflores@example.fr,normal,3.0931,2.5216,0.0,0,14,7,1,0,0,0,14,14
amina.vargas@example.it,normal,2.9183,2.5216,0.0,0,12,7,1,0,1,0,5,6
kofigupta@example.pl,normal,3.1699,2.5216,0.0,0,9,7,1,0,0,0,9,9
ekaterina_mulder@example.fr,normal,3.4528,2.5216,0.0,0,16,7,1,0,0,1,16,16
maria.rodriguez1984@example.net,normal,3.7871,2.5216,0.2105,0,19,7,1,0,1,0,5,13
camille_park@example.co.za,normal,3.2516,2.5216,0.0,0,12,7,1,0,0,1,12,12
isabelleperez@example.com,normal,2.9312,2.5216,0.0,0,13,7,1,0,0,0,13,13
jan.yilmaz@example.co.za,normal,3.1219,2.5216,0.0,0,10,7,1,0,1,0,3,6
carlosvargas@test.com,normal,2.8554,1.5,0.0,0,12,4,1,0,0,0,12,12
elenasantos@example.co.za,normal,2.7322,2.5216,0.0,0,11,7,1,0,0,0,11,11
johnkuznetsov@example.es,normal,3.3927,2.5216,0.0,0,13,7,1,0,0,0,13,13
anne.janssen@example.org,normal,2.4183,2.5216,0.0,0,12,7,1,0,1,0,4,7
vikram_flores1983@example.co.za,normal,3.9698,2.5216,0.2353,0,17,7,1,0,0,1,17,17
wjOp1AwrQUz@ugur9u1oe5.xyz,spam,3.2776,2.8464,0.0909,0,11,10,0,1,0,0,11,11
vikramobi@example.net,normal,2.9477,2.5216,0.0,0,9,7,1,0,0,0,9,9
priyamwangi@example.org,normal,3.0958,2.5216,0.0,0,11,7,1,0,0,0,11,11
ayselindqvist@example.net,normal,3.3927,2.5216,0.0,0,13,7,1,0,0,0,13,13
freya.bakker@example.ru,normal,2.9183,2.5216,0.0,0,12,7,1,0,1,0,5,6
juliaverma@example.ru,normal,3.1219,2.5216,0.0,0,10,7,1,0,0,0,10,10
minh_russo@test.com,normal,3.1219,1.5,0.0,0,10,4,1,0,0,1,10,10
aurelie_visser@example.com.br,normal,3.0391,2.5216,0.0,0,14,7,1,0,0,1,14,14
john.smith@example.net,normal,3.1219,2.5216,0.0,0,10,7,1,0,1,0,4,5
vikramschulz@example.es,normal,3.585,2.5216,0.0,0,12,7,1,0,0,0,12,12
magnus_wang@example.pl,normal,2.914,2.5216,0.0,0,11,7,1,0,0,1,11,11
nicolaskuznetsov1998@test.com,normal,3.9219,1.5,0.2,0,20,4,1,0,0,0,20,20
nicolas_olsen@example.com.au,normal,3.0851,2.5216,0.0,0,13,7,1,0,0,1,13,13
vbhza7x73qxm0632c@jbck88d0.online,spam,3.7345,2.75,0.4118,0,17,8,0,1,0,0,17,17
omarmeijer@test.com,normal,2.7219,1.5,0.0,0,10,4,1,0,0,0,10,10
javier_castillo@example.ru,normal,3.5069,2.5216,0.0,0,15,7,1,0,0,1,15,15
fatuma.costa@example.fr,normal,3.0221,2.5216,0.0,0,12,7,1,0,1,0,5,6
rafael.odhiambo@example.co.jp,normal,3.4566,2.5216,0.0,0,15,7,1,0,1,0,6,8
pedro.smirnov@example.net,normal,3.3927,2.5216,0.0,0,13,7,1,0,1,0,5,7
miguel_martin@example.ru,normal,3.3927,2.5216,0.0,0,13,7,1,0,0,1,13,13
sven_traore1971@example.fr,normal,3.5069,2.5216,0.2667,0,15,7,1,0,0,1,15,15
julia_russo@example.com.br,normal,3.0958,2.5216,0.0,0,11,7,1,0,0,1,11,11
fatimaturk@example.com,normal,2.9219,2.5216,0.0,0,10,7,1,0,0,0,10,10
floor_kuznetsov@example.fr,normal,3.5899,2.5216,0.0,0,15,7,1,0,0,1,15,15
lies.hussein@example.pl,normal,2.8554,2.5216,0.0,0,12,7,1,0,1,0,4,7
lucakarim@example.pl,normal,2.9477,2.5216,0.0,0,9,7,1,0,0,0,9,9
diegoreyes1982@example.ru,normal,3.4677,2.5216,0.2857,0,14,7,1,0,0,0,14,14
alessiaobi@example.com,normal,2.7219,2.5216,0.0,0,10,7,1,0,0,0,10,10
melissanowak@example.net,normal,3.2516,2.5216,0.0,0,12,7,1,0,0,0,12,12
iris_salem@example.com.au,normal,2.9219,2.5216,0.0,0,10,7,1,0,0,1,10,10
y8u118qqvaecw9@z2omtzjko.loan,spam,3.3788,2.7255,0.3571,0,14,9,0,1,0,0,14,14
amina.smirnov@example.com,normal,3.0851,2.5216,0.0,0,13,7,1,0,1,0,5,7
floor_nowak@example.it,normal,3.0272,2.5216,0.0,0,11,7,1,0,0,1,11,11
hassanrobert@example.com.au,normal,3.085,2.5216,0.0,0,12,7,1,0,0,0,12,12
agnieszkaasante1976@example.com,normal,3.5111,2.5216,0.2105,0,19,7,1,0,0,0,19,19
aliberg@test.com,normal,2.8074,1.5,0.0,0,7,4,1,0,0,0,7,7
willemnovikov@example.co.jp,normal,3.0851,2.5216,0.0,0,13,7,1,0,0,0,13,13
nikolai_smit@example.es,normal,3.1887,2.5216,0.0,0,12,7,1,0,0,1,12,12
antonio_smith@example.fr,normal,3.0851,2.5216,0.0,0,13,7,1,0,0,1,13,13
fernando.pham@example.co.uk,normal,3.3927,2.5216,0.0,0,13,7,1,0,1,0,4,8
gabrielaomar@example.com.au,normal,3.0221,2.5216,0.0,0,12,7,1,0,0,0,12,12
pedrosingh@test.com,normal,3.3219,1.5,0.0,0,10,4,1,0,0,0,10,10
diegonilsson@example.it,normal,2.9183,2.5216,0.0,0,12,7,1,0,0,0,12,12
françoisnwosu@example.it,normal,3.2389,2.5216,0.0,0,13,7,1,0,0,0,13,13
alejandravargas@example.org,normal,2.9996,2.5216,0.0,0,15,7,1,0,0,0,15,15
valeria.nilsson@example.pl,normal,3.2402,2.5216,0.0,0,15,7,1,0,1,0,7,7
kwame.santoso@test.com,normal,3.2389,1.5,0.0,0,13,4,1,0,1,0,5,7
alessiabruno@example.de,normal,3.2516,2.5216,0.0,0,12,7,1,0,0,0,12,12
sophie.smit@example.it,normal,3.0958,2.5216,0.0,0,11,7,1,0,1,0,4,6
floortorres@example.it,normal,2.5949,2.5216,0.0,0,11,7,1,0,0,0,11,11
pieterlarsson@example.es,normal,3.2389,2.5216,0.0,0,13,7,1,0,0,0,13,13
robertopham@example.co.jp,normal,3.0958,2.5216,0.0,0,11,7,1,0,0,0,11,11
ali.santoso@example.com,normal,2.914,2.5216,0.0,0,11,7,1,0,1,0,3,7
annewijaya@example.co.jp,normal,2.6464,2.5216,0.0,0,10,7,1,0,0,0,10,10
solveigjoshi1994@example.net,normal,3.5,2.5216,0.25,0,16,7,1,0,0,0,16,16
alessia_chopra@example.com.br,normal,3.3249,2.5216,0.0,0,14,7,1,0,0,1,14,14
ahmadodhiambo@example.net,normal,2.7193,2.5216,0.0,0,13,7,1,0,0,0,13,13
nguyen.kowalczyk@example.es,normal,3.625,2.5216,0.0,0,16,7,1,0,1,0,6,9
Nm31nhNukrhW@8uyy.click,spam,3.2516,1.5,0.1667,0,12,4,0,1,0,0,12,12
carmen.patel@example.co.jp,normal,3.2516,2.5216,0.0,0,12,7,1,0,1,0,5,6
tundekumar@example.com,normal,3.1219,2.5216,0.0,0,10,7,1,0,0,0,10,10
wanjiru.mendoza@example.org,normal,3.6402,2.5216,0.0,0,15,7,1,0,1,0,7,7
sergeiwilson@example.co.jp,normal,3.085,2.5216,0.0,0,12,7,1,0,0,0,12,12
amara.petit1982@example.fr,normal,3.4566,2.5216,0.2667,0,15,7,1,0,1,0,5,9
emine_rossi@example.com.br,normal,2.914,2.5216,0.0,0,11,7,1,0,0,1,11,11
solveignwosu1989@example.fr,normal,3.625,2.5216,0.25,0,16,7,1,0,0,0,16,16
fatmaliu@example.es,normal,2.75,2.5216,0.0,0,8,7,1,0,0,0,8,8
katarzynavisser@example.es,normal,3.3232,2.5216,0.0,0,15,7,1,0,0,0,15,15
7sUYNTjlib9@juiiymyr.online,spam,3.4594,2.5,0.1818,0,11,8,0,1,0,0,11,11
davidsalem@example.net,normal,2.9219,2.5216,0.0,0,10,7,1,0,0,0,10,10
ibrahim_singh1996@example.it,normal,3.5725,2.5216,0.2353,0,17,7,1,0,0,1,17,17
rxhw@sijpyueon.top,spam,2.0,3.1699,0.0,0,4,9,0,1,0,0,4,4
yukitanaka@example.co.jp,normal,2.6464,2.5216,0.0,0,10,7,1,0,0,0,10,10
freya.hussein@example.es,normal,3.3927,2.5216,0.0,0,13,7,1,0,1,0,5,7
9212p@an0jb.info,spam,1.9219,2.3219,0.8,0,5,5,0,1,0,0,5,5
david.castillo@test.com,normal,3.2359,1.5,0.0,0,14,4,1,0,1,0,5,8
5pc@lzy1uu9ym.online,spam,1.585,2.7255,0.3333,0,3,9,0,1,0,0,3,3
7r1m264upj16d@5ogz2uea.top,spam,3.3927,3.0,0.5385,0,13,8,0,1,0,0,13,13
amitjesus@example.it,normal,2.9477,2.5216,0.0,0,9,7,1,0,0,0,9,9
amitmorozov@example.co.jp,normal,2.8454,2.5216,0.0,0,11,7,1,0,0,0,11,11
ingrid_yang@example.co.uk,normal,2.914,2.5216,0.0,0,11,7,1,0,0,1,11,11
priya_demir@example.com.br,normal,3.0958,2.5216,0.0,0,11,7,1,0,0,1,11,11
giovanni_li@example.es,normal,2.8454,2.5216,0.0,0,11,7,1,0,0,1,11,11
pieterde_boer@example.co.za,normal,2.9312,2.5216,0.0,0,13,7,1,0,0,1,13,13
zainab_kuznetsov@example.pl,normal,3.625,2.5216,0.0,0,16,7,1,0,0,1,16,16
valeriasanchez@example.org,normal,3.3249,2.5216,0.0,0,14,7,1,0,0,0,14,14
mwangi.martinez@example.pl,normal,3.3736,2.5216,0.0,0,15,7,1,0,1,0,6,8
sven_obi@example.org,normal,3.0,2.5216,0.0,0,8,7,1,0,0,1,8,8
tunde_mansour1981@example.com.au,normal,3.7345,2.5216,0.2353,0,17,7,1,0,0,1,17,17
tkcd0rlexdw6lqwlv@u38gl2zx.win,spam,3.5725,3.0,0.1176,0,17,8,0,1,0,0,17,17
7rm6j8y6rh05h@44m2e.xyz,spam,3.2389,1.9219,0.4615,0,13,5,0,1,0,0,13,13
pEQu8V@cxz2.click,spam,2.585,2.0,0.1667,0,6,4,0,1,0,0,6,6
zawadi_eze@example.fr,normal,2.7219,2.5216,0.0,0,10,7,1,0,0,1,10,10
chiara_reyes@example.fr,normal,3.085,2.5216,0.0,0,12,7,1,0,0,1,12,12
fatumafouad@example.co.za,normal,2.6635,2.5216,0.0,0,11,7,1,0,0,0,11,11
ktyr1k12v2tg5p@f0onj.work,spam,3.2359,2.3219,0.3571,0,14,5,0,1,0,0,14,14
ze4ex6u86zjq@w7jp.loan,spam,3.085,2.0,0.3333,0,12,4,0,1,0,0,12,12
alejandro.zhang@example.de,normal,3.4566,2.5216,0.0,0,15,7,1,0,1,0,5,9
amara_davis@example.it,normal,2.7322,2.5216,0.0,0,11,7,1,0,0,1,11,11
rahul_mutua@test.com,normal,2.8454,1.5,0.0,0,11,4,1,0,0,1,11,11
8aI8grbAKMSzA@xrgn7.work,spam,3.3927,2.3219,0.1538,0,13,5,0,1,0,0,13,13
iris.larsson@example.co.uk,normal,2.8554,2.5216,0.0,0,12,7,1,0,1,0,4,7
javiermehta@example.com.au,normal,3.0958,2.5216,0.0,0,11,7,1,0,0,0,11,11
alejandrameijer@example.net,normal,3.0062,2.5216,0.0,0,15,7,1,0,0,0,15,15
thanh_richard@example.org,normal,3.027,2.5216,0.0,0,13,7,1,0,0,1,13,13
dmitri.kumar@example.pl,normal,3.085,2.5216,0.0,0,12,7,1,0,1,0,5,6
dY20wPAh03ai@gmpw5d3go.info,spam,3.4183,2.9477,0.3333,0,12,9,0,1,0,0,12,12
aisha_novikov@example.org,normal,3.0851,2.5216,0.0,0,13,7,1,0,0,1,13,13
jamesromero@example.de,normal,2.7322,2.5216,0.0,0,11,7,1,0,0,0,11,11
ahmad.joshi@example.es,normal,3.0958,2.5216,0.0,0,11,7,1,0,1,0,5,5
basnilsson@example.es,normal,2.6464,2.5216,0.0,0,10,7,1,0,0,0,10,10
marco_jones@example.net,normal,3.2776,2.5216,0.0,0,11,7,1,0,0,1,11,11
anne.sahin@example.com.br,normal,2.6464,2.5216,0.0,0,10,7,1,0,1,0,4,5
stefan.novikov@example.org,normal,3.3788,2.5216,0.0,0,14,7,1,0,1,0,6,7
wojciech.nwosu@example.com.au,normal,3.3788,2.5216,0.0,0,14,7,1,0,1,0,5,8
zawadimueller@example.de,normal,3.2389,2.5216,0.0,0,13,7,1,0,0,0,13,13
sigrid_de_vries@example.com,normal,2.9232,2.5216,0.0,0,15,7,1,0,0,1,15,15
john.gitau@example.net,normal,3.3219,2.5216,0.0,0,10,7,1,0,1,0,4,5
yuki_rossi@example.co.uk,normal,2.9219,2.5216,0.0,0,10,7,1,0,0,1,10,10
lies.yang@example.com,normal,3.1699,2.5216,0.0,0,9,7,1,0,1,0,4,4
melissa_njeru@example.org,normal,3.3927,2.5216,0.0,0,13,7,1,0,0,1,13,13
mikhail_davis@example.de,normal,3.1808,2.5216,0.0,0,13,7,1,0,0,1,13,13
ea210a76e@e346.site,spam,2.7255,2.0,0.5556,0,9,4,0,1,0,0,9,9
jing_robert@example.com.au,normal,3.2776,2.5216,0.0,0,11,7,1,0,0,1,11,11
anastasiamulder@example.com.br,normal,3.2402,2.5216,0.0,0,15,7,1,0,0,0,15,15
isabeloliveira@example.ru,normal,3.0391,2.5216,0.0,0,14,7,1,0,0,0,14,14
adaezevargas@example.com.au,normal,2.7516,2.5216,0.0,0,12,7,1,0,0,0,12,12
eduardo_lewandowski@example.com,normal,3.5766,2.5216,0.0,0,19,7,1,0,0,1,19,19
watidemir@example.co.uk,normal,2.9477,2.5216,0.0,0,9,7,1,0,0,0,9,9
javier_castillo@example.org,normal,3.5069,2.5216,0.0,0,15,7,1,0,0,1,15,15
ngozi_toure@example.com,normal,3.2776,2.5216,0.0,0,11,7,1,0,0,1,11,11
marco_hassan@example.com.br,normal,3.0221,2.5216,0.0,0,12,7,1,0,0,1,12,12
kofischulz@test.com,normal,3.3219,1.5,0.0,0,10,4,1,0,0,0,10,10
arjun.smit2000@example.ru,normal,3.4677,2.5216,0.2857,0,14,7,1,0,1,0,5,8
david.weber@example.it,normal,3.0958,2.5216,0.0,0,11,7,1,0,1,0,5,5
jennifer_ramirez@example.fr,normal,3.1556,2.5216,0.0,0,16,7,1,0,0,1,16,16
arjun_odhiambo@example.pl,normal,3.5216,2.5216,0.0,0,14,7,1,0,0,1,14,14
rahul_wisniewski@example.com,normal,3.4528,2.5216,0.0,0,16,7,1,0,0,1,16,16
nour.salem@example.co.za,normal,3.3219,2.5216,0.0,0,10,7,1,0,1,0,4,5
valeria_chen@example.co.za,normal,3.2516,2.5216,0.0,0,12,7,1,0,0,1,12,12
dewi.sari@example.co.jp,normal,2.9477,2.5216,0.0,0,9,7,1,0,1,0,4,4
floor_schneider1994@example.pl,normal,3.8269,2.5216,0.2105,0,19,7,1,0,0,1,19,19
80mb1l6314cqe@jsszwd0w9r.site,spam,3.5466,2.9219,0.5385,0,13,10,0,1,0,0,13,13
fatou.petrov@example.org,normal,3.2516,2.5216,0.0,0,12,7,1,0,1,0,5,6
wati_mueller@example.com.au,normal,3.2516,2.5216,0.0,0,12,7,1,0,0,1,12,12
lars_visser@example.co.za,normal,2.8454,2.5216,0.0,0,11,7,1,0,0,1,11,11
hBafanAWE@q2l48c.work,spam,2.9477,2.585,0.0,0,9,6,0,1,0,0,9,9
emma.visser@test.com,normal,2.914,1.5,0.0,0,11,4,1,0,1,0,4,6
françoisnwosu@example.co.za,normal,3.2389,2.5216,0.0,0,13,7,1,0,0,0,13,13
sigrid.coulibaly@example.it,normal,3.5778,2.5216,0.0,0,16,7,1,0,1,0,6,9
anastasia_nilsson1997@example.net,normal,3.2135,2.5216,0.1905,0,21,7,1,0,0,1,21,21
vladimirjohansson@example.it,normal,3.4992,2.5216,0.0,0,17,7,1,0,0,0,17,17
giovanniyang@example.es,normal,2.6887,2.5216,0.0,0,12,7,1,0,0,0,12,12
yuki.celik@test.com,normal,2.9219,1.5,0.0,0,10,4,1,0,1,0,4,5
vladimirgarcia@example.com.br,normal,2.9852,2.5216,0.0,0,14,7,1,0,0,0,14,14
sigridde_boer@example.com.br,normal,3.0851,2.5216,0.0,0,13,7,1,0,0,1,13,13
vladimirzielinski@example.de,normal,3.2869,2.5216,0.0,0,17,7,1,0,0,0,17,17
monika_robert@example.org,normal,3.3927,2.5216,0.0,0,13,7,1,0,0,1,13,13
carlos.smith@example.com.br,normal,3.4183,2.5216,0.0,0,12,7,1,0,1,0,5,6
zeynep.kaya@example.fr,normal,2.914,2.5216,0.0,0,11,7,1,0,1,0,4,6
nf8f3gr94sz2kuuoyc@j4d0jmu3mo.loan,spam,3.9477,2.9219,0.2778,0,18,10,0,1,0,0,18,18
alejandra_shah@example.co.jp,normal,3.0931,2.5216,0.0,0,14,7,1,0,0,1,14,14
gabrielamueller@example.com,normal,3.0062,2.5216,0.0,0,15,7,1,0,0,0,15,15
ashley_schulz@example.net,normal,3.2389,2.5216,0.0,0,13,7,1,0,0,1,13,13
tbgm55ff1bl08kg@8a1ar.info,spam,3.3736,1.9219,0.3333,0,15,5,0,1,0,0,15,15
priyaverma@example.fr,normal,2.9219,2.5216,0.0,0,10,7,1,0,0,0,10,10
bm2qsq0p82kb700u@wuux.win,spam,3.3278,1.5,0.4375,0,16,4,0,1,0,0,16,16
aisha.kozlov@example.de,normal,3.2516,2.5216,0.0,0,12,7,1,0,1,0,5,6
rahul_de_boer@example.com,normal,3.2389,2.5216,0.0,0,13,7,1,0,0,1,13,13
magnussousa@example.co.za,normal,2.6635,2.5216,0.0,0,11,7,1,0,0,0,11,11
ingridcolombo@example.it,normal,3.1808,2.5216,0.0,0,13,7,1,0,0,0,13,13
tunde_de_vries1989@test.com,normal,3.5724,1.5,0.2222,0,18,4,1,0,0,1,18,18
anne_sanchez@example.es,normal,2.8554,2.5216,0.0,0,12,7,1,0,0,1,12,12
roberto.gitau@example.ru,normal,3.2389,2.5216,0.0,0,13,7,1,0,1,0,5,7
xjz6u@z1ro03ci.work,spam,2.3219,3.0,0.2,0,5,8,0,1,0,0,5,5
lh13c71ud2zdlx@qii4w6ozx2.loan,spam,3.3788,3.1219,0.3571,0,14,10,0,1,0,0,14,14
yuki_schulz1983@example.pl,normal,3.7736,2.5216,0.2667,0,15,7,1,0,0,1,15,15
natasha.fouad1992@example.co.za,normal,3.4992,2.5216,0.2353,0,17,7,1,0,1,0,7,9
olga.rodriguez@test.com,normal,3.3788,1.5,0.0,0,14,4,1,0,1,0,4,9
kavita_hussein1987@example.com.br,normal,3.8366,2.5216,0.2222,0,18,7,1,0,0,1,18,18
omar_de_boer1985@test.com,normal,3.5,1.5,0.25,0,16,4,1,0,0,1,16,16
kofihoffmann@example.co.uk,normal,2.8554,2.5216,0.0,0,12,7,1,0,0,0,12,12
zbcgjc36oqol@ytxw1vz.xyz,spam,3.2516,2.8074,0.1667,0,12,7,0,1,0,0,12,12
dewi_simon@example.es,normal,3.1219,2.5216,0.0,0,10,7,1,0,0,1,10,10
nour.perez@example.de,normal,2.9219,2.5216,0.0,0,10,7,1,0,1,0,4,5
ingrid_eze@example.it,normal,2.9219,2.5216,0.0,0,10,7,1,0,0,1,10,10
gabriela.coulibaly@example.com.au,normal,3.4194,2.5216,0.0,0,18,7,1,0,1,0,8,9
qg433e1i1p0bq@dxho87f00t.xyz,spam,3.2389,3.1219,0.4615,0,13,10,0,1,0,0,13,13
alejandra.de_jong@example.co.jp,normal,3.3372,2.5216,0.0,0,17,7,1,0,1,1,7,9
elena.smirnov@example.de,normal,3.3927,2.5216,0.0,0,13,7,1,0,1,0,5,7
giuseppeivanov1999@example.fr,normal,3.4613,2.5216,0.2222,0,18,7,1,0,0,0,18,18
ali_ferreira@example.net,normal,2.6887,2.5216,0.0,0,12,7,1,0,0,1,12,12
kipchogemartins@example.it,normal,3.7736,2.5216,0.0,0,15,7,1,0,0,0,15,15
wojciech_coulibaly@example.com.br,normal,3.5724,2.5216,0.0,0,18,7,1,0,0,1,18,18
mwangi.otieno@example.org,normal,3.2389,2.5216,0.0,0,13,7,1,0,1,0,6,6
wojciech.wisniewski@example.co.uk,normal,3.2608,2.5216,0.0,0,19,7,1,0,1,0,8,10
chiaratorres@example.co.jp,normal,3.0221,2.5216,0.0,0,12,7,1,0,0,0,12,12
andreaswojcik1995@example.ru,normal,3.8522,2.5216,0.2353,0,17,7,1,0,0,0,17,17
jj2jvqyiy1sy9laaco@dqhkgad7.top,spam,3.5305,2.75,0.1667,0,18,8,0,1,0,0,18,18
lars.asante@example.com.au,normal,2.8454,2.5216,0.0,0,11,7,1,0,1,0,4,6
wanjiru_de_boer@example.de,normal,3.5069,2.5216,0.0,0,15,7,1,0,0,1,15,15
jing.colombo@example.ru,normal,3.1887,2.5216,0.0,0,12,7,1,0,1,0,4,7
nzrf@pk2nlt8dtm.work,spam,2.0,3.1219,0.0,0,4,10,0,1,0,0,4,4
anastasia.nasser@example.net,normal,2.6494,2.5216,0.0,0,16,7,1,0,1,0,6,9
abenaferreira@example.es,normal,2.6032,2.5216,0.0,0,13,7,1,0,0,0,13,13
nikolairobert@example.fr,normal,3.2389,2.5216,0.0,0,13,7,1,0,0,0,13,13
james_pereira@example.com.br,normal,3.027,2.5216,0.0,0,13,7,1,0,0,1,13,13
carmen.ivanov1982@example.net,normal,3.7345,2.5216,0.2353,0,17,7,1,0,1,0,6,10
aisha.morales@example.org,normal,3.1808,2.5216,0.0,0,13,7,1,0,1,0,5,7
marcokarim1992@example.de,normal,3.2359,2.5216,0.2857,0,14,7,1,0,0,0,14,14
monika_nwosu@example.co.za,normal,3.2516,2.5216,0.0,0,12,7,1,0,0,1,12,12
tunde.jesus1997@example.fr,normal,3.3736,2.5216,0.2667,0,15,7,1,0,1,0,5,9
7dVkEa05GmWFRMPw@af92movs0.xyz,spam,4.0,3.1699,0.1875,0,16,9,0,1,0,0,16,16
mikhail_ndungu@example.ru,normal,3.3788,2.5216,0.0,0,14,7,1,0,0,1,14,14
priya_nasser@example.co.za,normal,3.085,2.5216,0.0,0,12,7,1,0,0,1,12,12
QuDBWEg@v44ftj5cc.biz,spam,2.8074,2.7255,0.0,0,7,9,0,1,0,0,7,7
boris.lindqvist@example.com.au,normal,3.4566,2.5216,0.0,0,15,7,1,0,1,0,5,9
mq8ab@vs9kkh.loan,spam,2.3219,2.2516,0.2,0,5,6,0,1,0,0,5,5
zainab.johnson@example.com.au,normal,3.182,2.5216,0.0,0,14,7,1,0,1,0,6,7
danielanowak@example.com,normal,3.0221,2.5216,0.0,0,12,7,1,0,0,0,12,12
thomaschavez@example.pl,normal,3.2516,2.5216,0.0,0,12,7,1,0,0,0,12,12
ingriddurand@example.ru,normal,2.6887,2.5216,0.0,0,12,7,1,0,0,0,12,12
rafaelnovikov@example.it,normal,3.2389,2.5216,0.0,0,13,7,1,0,0,0,13,13
erik.kuznetsov@example.de,normal,3.5216,2.5216,0.0,0,14,7,1,0,1,0,4,9
kamau_yilmaz@example.it,normal,3.0221,2.5216,0.0,0,12,7,1,0,0,1,12,12
beatrizfischer@example.de,normal,3.3788,2.5216,0.0,0,14,7,1,0,0,0,14,14
floor.eze@example.ru,normal,2.7255,2.5216,0.0,0,9,7,1,0,1,0,3,5
lucakusuma@example.net,normal,2.6464,2.5216,0.0,0,10,7,1,0,0,0,10,10
ayse_jimenez1988@test.com,normal,3.5778,1.5,0.25,0,16,4,1,0,0,1,16,16
baptistenguyen1999@example.es,normal,3.5724,2.5216,0.2222,0,18,7,1,0,0,0,18,18
ngozi.demir@example.com.br,normal,3.2776,2.5216,0.0,0,11,7,1,0,1,0,5,5
thomaswilson@example.net,normal,3.2516,2.5216,0.0,0,12,7,1,0,0,0,12,12
miguel.moreau@example.fr,normal,3.2389,2.5216,0.0,0,13,7,1,0,1,0,6,6
ingrid_tanaka@example.com.au,normal,3.027,2.5216,0.0,0,13,7,1,0,0,1,13,13
joaokozlov@example.org,normal,2.5219,2.5216,0.0,0,10,7,1,0,0,0,10,10
chidi_lopez@example.org,normal,3.2776,2.5216,0.0,0,11,7,1,0,0,1,11,11
solveig.lopez@example.pl,normal,3.2389,2.5216,0.0,0,13,7,1,0,1,0,5,7
C15Ii6HKCU2A@xlmt2pnjk.biz,spam,3.4183,3.1699,0.3333,0,12,9,0,1,0,0,12,12
patriciadavis@example.es,normal,2.9689,2.5216,0.0,0,13,7,1,0,0,0,13,13
olgasokolov@example.de,normal,2.5503,2.5216,0.0,0,11,7,1,0,0,0,11,11
pooja_celik@example.co.za,normal,3.2776,2.5216,0.0,0,11,7,1,0,0,1,11,11
erikgreco@example.fr,normal,2.7255,2.5216,0.0,0,9,7,1,0,0,0,9,9
dmitri.mensah@example.co.jp,normal,3.3927,2.5216,0.0,0,13,7,1,0,1,0,6,6
hassankuznetsov@example.co.jp,normal,3.3232,2.5216,0.0,0,15,7,1,0,0,0,15,15
william.johansson@example.org,normal,3.3816,2.5216,0.0,0,17,7,1,0,1,0,7,9
ali_lewandowski@example.it,normal,3.3736,2.5216,0.0,0,15,7,1,0,0,1,15,15
eduardotoure@example.es,normal,2.7516,2.5216,0.0,0,12,7,1,0,0,0,12,12
olga.mueller@example.es,normal,3.0221,2.5216,0.0,0,12,7,1,0,1,0,4,7
wojciech_flores@example.org,normal,3.5069,2.5216,0.0,0,15,7,1,0,0,1,15,15
omarkumar1992@example.pl,normal,3.0851,2.5216,0.3077,0,13,7,1,0,0,0,13,13
pavel.andersen@example.org,normal,3.182,2.5216,0.0,0,14,7,1,0,1,0,5,8
aisha_kaya@example.co.za,normal,2.5219,2.5216,0.0,0,10,7,1,0,0,1,10,10
watidiaz@example.co.uk,normal,2.5,2.5216,0.0,0,8,7,1,0,0,0,8,8
v341onx@wh0mx1ego.win,spam,2.8074,3.1699,0.4286,0,7,9,0,1,0,0,7,7
pedro.wang@example.de,normal,3.3219,2.5216,0.0,0,10,7,1,0,1,0,4,5
fatou_otieno@example.com.br,normal,3.0221,2.5216,0.0,0,12,7,1,0,0,1,12,12
minh_kowalski@example.es,normal,3.3927,2.5216,0.0,0,13,7,1,0,0,1,13,13
bruno_ozturk@example.ru,normal,3.085,2.5216,0.0,0,12,7,1,0,0,1,12,12
giuseppe_thomas@example.pl,normal,3.5069,2.5216,0.0,0,15,7,1,0,0,1,15,15
bruno_salem@example.it,normal,3.4594,2.5216,0.0,0,11,7,1,0,0,1,11,11
melissacastillo@example.com,normal,3.0062,2.5216,0.0,0,15,7,1,0,0,0,15,15
gabriela.silva@example.org,normal,3.182,2.5216,0.0,0,14,7,1,0,1,0,5,8
daniela.robert@example.com.au,normal,3.3788,2.5216,0.0,0,14,7,1,0,1,0,6,7
adaeze.miller@example.fr,normal,3.027,2.5216,0.0,0,13,7,1,0,1,0,6,6
emeka_ferreira@example.com.br,normal,2.7534,2.5216,0.0,0,14,7,1,0,0,1,14,14
valentina.colombo@example.es,normal,3.4548,2.5216,0.0,0,17,7,1,0,1,0,7,9
anna_verma@example.org,normal,2.6464,2.5216,0.0,0,10,7,1,0,0,1,10,10
agnieszka_marino@example.co.jp,normal,3.4528,2.5216,0.0,0,16,7,1,0,0,1,16,16
rehemamarino@example.pl,normal,2.9183,2.5216,0.0,0,12,7,1,0,0,0,12,12
baptiste.ndungu@example.es,normal,3.5069,2.5216,0.0,0,15,7,1,0,1,0,6,8
marcopatel1978@example.de,normal,3.6645,2.5216,0.2857,0,14,7,1,0,0,0,14,14
david.sanchez@example.co.uk,normal,3.3927,2.5216,0.0,0,13,7,1,0,1,0,5,7
njoroge_kusuma@example.co.jp,normal,3.5216,2.5216,0.0,0,14,7,1,0,0,1,14,14
deepa.suzuki@test.com,normal,3.2516,1.5,0.0,0,12,4,1,0,1,0,5,6
nicolas_zhang@example.pl,normal,3.3927,2.5216,0.0,0,13,7,1,0,0,1,13,13
elenatoure@example.co.uk,normal,2.8464,2.5216,0.0,0,10,7,1,0,0,0,10,10
fatoumensah@example.co.jp,normal,3.2776,2.5216,0.0,0,11,7,1,0,0,0,11,11
xgnrfio878iyhhg8p@rlqiob0n.loan,spam,3.4548,3.0,0.2353,0,17,8,0,1,0,0,17,17
kofi_smith@example.de,normal,3.1219,2.5216,0.0,0,10,7,1,0,0,1,10,10
0O1b1Oox8gt1GlF@uzb7kr0.biz,spam,3.4566,2.8074,0.3333,0,15,7,0,1,0,0,15,15
kavitanilsson@example.pl,normal,3.0851,2.5216,0.0,0,13,7,1,0,0,0,13,13
robert.salem@example.org,normal,3.2516,2.5216,0.0,0,12,7,1,0,1,0,5,6
sophie_schneider@example.com.br,normal,3.3278,2.5216,0.0,0,16,7,1,0,0,1,16,16
lzfy981udp2fm@ubods1e.click,spam,3.5466,2.8074,0.3077,0,13,7,0,1,0,0,13,13
thanh_kusuma2003@example.it,normal,3.5,2.5216,0.25,0,16,7,1,0,0,1,16,16
amina.nilsson2000@example.pl,normal,3.1751,2.5216,0.2353,0,17,7,1,0,1,0,5,11
carmen.chen@example.co.za,normal,2.914,2.5216,0.0,0,11,7,1,0,1,0,4,6
jennifer_verma@example.ru,normal,3.182,2.5216,0.0,0,14,7,1,0,0,1,14,14
alejandro_silva@example.it,normal,3.4566,2.5216,0.0,0,15,7,1,0,0,1,15,15
hyun.joshi@example.net,normal,3.1219,2.5216,0.0,0,10,7,1,0,1,0,4,5
pooja.verma@example.org,normal,3.0958,2.5216,0.0,0,11,7,1,0,1,0,5,5
melissa.celik@example.co.za,normal,3.0851,2.5216,0.0,0,13,7,1,0,1,0,5,7
elena_janssen@example.co.jp,normal,2.6612,2.5216,0.0,0,13,7,1,0,0,1,13,13
tunde.becker@example.co.jp,normal,3.1887,2.5216,0.0,0,12,7,1,0,1,0,5,6
fatmabernard@example.co.jp,normal,3.0221,2.5216,0.0,0,12,7,1,0,0,0,12,12
vMo8FYM23YbIrj3@e0sy5ypup.win,spam,3.5069,2.7255,0.2667,0,15,9,0,1,0,0,15,15
johnwang@example.com.au,normal,2.75,2.5216,0.0,0,8,7,1,0,0,0,8,8
isabeltraore2001@example.com.br,normal,3.5,2.5216,0.25,0,16,7,1,0,0,0,16,16
lies_sokolov@test.com,normal,2.8554,1.5,0.0,0,12,4,1,0,0,1,12,12
eduardo_hansen@example.ru,normal,3.2359,2.5216,0.0,0,14,7,1,0,0,1,14,14
minjun.greco@test.com,normal,3.4183,1.5,0.0,0,12,4,1,0,1,0,5,6
QDA2kiT80g4@2ygnmby.click,spam,3.4594,2.5216,0.3636,0,11,7,0,1,0,0,11,11
1tb@nl65ujg.online,spam,1.585,2.8074,0.3333,0,3,7,0,1,0,0,3,3
3km2kql0ht1tw9zyn6@bgk2wbxa.work,spam,3.9477,2.75,0.3333,0,18,8,0,1,0,0,18,18
willem_mendoza@example.pl,normal,3.3788,2.5216,0.0,0,14,7,1,0,0,1,14,14
rahul_de_jong@example.co.uk,normal,3.5466,2.5216,0.0,0,13,7,1,0,0,1,13,13
joaocosta@example.com.au,normal,2.4194,2.5216,0.0,0,9,7,1,0,0,0,9,9
diego_moreau@example.pl,normal,3.2516,2.5216,0.0,0,12,7,1,0,0,1,12,12
valentina.kamau@example.co.za,normal,3.2402,2.5216,0.0,0,15,7,1,0,1,0,5,9
baptiste.morales2002@example.it,normal,3.7219,2.5216,0.2,0,20,7,1,0,1,0,8,11
william_reyes@example.pl,normal,3.2389,2.5216,0.0,0,13,7,1,0,0,1,13,13
adaezesantoso@example.com.au,normal,2.8731,2.5216,0.0,0,13,7,1,0,0,0,13,13
lucia_chavez@example.net,normal,3.2516,2.5216,0.0,0,12,7,1,0,0,1,12,12
bruno.lindqvist@example.co.jp,normal,3.6402,2.5216,0.0,0,15,7,1,0,1,0,5,9
diego_bernard@example.pl,normal,3.2389,2.5216,0.0,0,13,7,1,0,0,1,13,13
sakuraliu@example.co.za,normal,2.7255,2.5216,0.0,0,9,7,1,0,0,0,9,9
amina_braun@example.com.au,normal,2.8454,2.5216,0.0,0,11,7,1,0,0,1,11,11
carlos_novikov@test.com,normal,3.3249,1.5,0.0,0,14,4,1,0,0,1,14,14
floor_mansour@example.ru,normal,3.1808,2.5216,0.0,0,13,7,1,0,0,1,13,13
sitijoshi@example.com.au,normal,2.4194,2.5216,0.0,0,9,7,1,0,0,0,9,9
monika_sousa@example.net,normal,3.085,2.5216,0.0,0,12,7,1,0,0,1,12,12
ivan.ricci@example.co.jp,normal,2.6464,2.5216,0.0,0,10,7,1,0,1,0,4,5
ahmad_taylor@example.de,normal,3.1887,2.5216,0.0,0,12,7,1,0,0,1,12,12
bdca4bc6c2499@zrlf8a.xyz,spam,2.8731,2.585,0.4615,0,13,6,0,1,0,0,13,13
nourkim@example.co.jp,normal,2.8074,2.5216,0.0,0,7,7,1,0,0,0,7,7
tundejones@example.pl,normal,2.9219,2.5216,0.0,0,10,7,1,0,0,0,10,10
ali_gonzalez2000@example.pl,normal,3.3278,2.5216,0.25,0,16,7,1,0,0,1,16,16
d5MPEJwWtnleFz@om5xlk8w.info,spam,3.8074,3.0,0.0714,0,14,8,0,1,0,0,14,14
elenanasser1999@example.co.uk,normal,2.8729,2.5216,0.2667,0,15,7,1,0,0,0,15,15
diegosilva@example.com.au,normal,3.1219,2.5216,0.0,0,10,7,1,0,0,0,10,10
Kbs9M9BjcY@yf0d0.top,spam,3.1219,1.9219,0.2,0,10,5,0,1,0,0,10,10
njoroge_morozov@example.co.za,normal,2.9996,2.5216,0.0,0,15,7,1,0,0,1,15,15
sitibruno@example.com,normal,2.9477,2.5216,0.0,0,9,7,1,0,0,0,9,9
sunita_silva@example.fr,normal,3.085,2.5216,0.0,0,12,7,1,0,0,1,12,12
5ivrocvitwu3bfxb@buvldd9fkx.site,spam,3.625,3.1219,0.125,0,16,10,0,1,0,0,16,16
hyun.smit@example.de,normal,3.1699,2.5216,0.0,0,9,7,1,0,1,0,4,4
erik.eriksson@example.es,normal,2.9312,2.5216,0.0,0,13,7,1,0,1,0,4,8
vikram_berg@example.com.br,normal,3.2776,2.5216,0.0,0,11,7,1,0,0,1,11,11
mariana_karim@example.es,normal,2.6235,2.5216,0.0,0,13,7,1,0,0,1,13,13
emine_omar@test.com,normal,2.9219,1.5,0.0,0,10,4,1,0,0,1,10,10
adaeze.miller@example.net,normal,3.027,2.5216,0.0,0,13,7,1,0,1,0,6,6
william.richard@example.net,normal,3.1899,2.5216,0.0,0,15,7,1,0,1,0,7,7
ibrahimpetit@example.org,normal,3.0221,2.5216,0.0,0,12,7,1,0,0,0,12,12
minhrahman1979@example.co.jp,normal,3.0931,2.5216,0.2857,0,14,7,1,0,0,0,14,14
miguel.khalil2005@test.com,normal,3.5725,1.5,0.2353,0,17,4,1,0,1,0,6,10
roberto.mutua@example.org,normal,3.0851,2.5216,0.0,0,13,7,1,0,1,0,5,7
minh.nasser@example.com,normal,3.0958,2.5216,0.0,0,11,7,1,0,1,0,4,6
valentina.van_den_berg@example.co.za,normal,3.4817,2.5216,0.0,0,22,7,1,0,1,1,9,12
pierre.schulz@example.com,normal,3.3927,2.5216,0.0,0,13,7,1,0,1,0,6,6
jingdemir@example.co.za,normal,2.9477,2.5216,0.0,0,9,7,1,0,0,0,9,9
giulia.mwangi@example.fr,normal,3.027,2.5216,0.0,0,13,7,1,0,1,0,6,6
tunde.li@test.com,normal,3.0,1.5,0.0,0,8,4,1,0,1,0,2,5
camille.castillo@example.org,normal,3.125,2.5216,0.0,0,16,7,1,0,1,0,7,8
maryam.ozturk@test.com,normal,3.2389,1.5,0.0,0,13,4,1,0,1,0,6,6
hiroshi.meijer@example.com.au,normal,3.0391,2.5216,0.0,0,14,7,1,0,1,0,6,7
william_torres@example.com.br,normal,3.3788,2.5216,0.0,0,14,7,1,0,0,1,14,14
rehema_jimenez@example.pl,normal,3.0931,2.5216,0.0,0,14,7,1,0,0,1,14,14
roberthassan@example.co.za,normal,3.085,2.5216,0.0,0,12,7,1,0,0,0,12,12
valerialopez@example.com.br,normal,3.085,2.5216,0.0,0,12,7,1,0,0,0,12,12
kavita_asante@test.com,normal,2.9312,1.5,0.0,0,13,4,1,0,0,1,13,13
aurelie_smith@example.co.za,normal,3.3927,2.5216,0.0,0,13,7,1,0,0,1,13,13
michaelgonzalez2001@example.fr,normal,3.7216,2.5216,0.2105,0,19,7,1,0,0,0,19,19
sergei.romero@example.fr,normal,2.8151,2.5216,0.0,0,13,7,1,0,1,0,6,6
mohammed_braun1986@example.fr,normal,3.7947,2.5216,0.2222,0,18,7,1,0,0,1,18,18
carmen_demir@example.co.za,normal,3.085,2.5216,0.0,0,12,7,1,0,0,1,12,12
mustafa_morozov@example.pl,normal,3.3232,2.5216,0.0,0,15,7,1,0,0,1,15,15
amitliu1975@example.co.jp,normal,3.2776,2.5216,0.3636,0,11,7,1,0,0,0,11,11
amit_ivanov@example.co.jp,normal,2.914,2.5216,0.0,0,11,7,1,0,0,1,11,11
ca7732c0082@s6ff7so8w.win,spam,2.7322,2.7255,0.7273,0,11,9,0,1,0,0,11,11
giuliasimon@example.de,normal,3.0272,2.5216,0.0,0,11,7,1,0,0,0,11,11
anastasia.durand@example.com.br,normal,2.8994,2.5216,0.0,0,16,7,1,0,1,0,6,9
thanh_nasser@example.de,normal,2.9183,2.5216,0.0,0,12,7,1,0,0,1,12,12
ricardode_vries@example.ru,normal,3.1899,2.5216,0.0,0,15,7,1,0,0,1,15,15
qHkOwOZGx4Gv1EDL@5piskffv.xyz,spam,3.75,2.75,0.125,0,16,8,0,1,0,0,16,16
arjunmartinez@example.co.za,normal,3.2389,2.5216,0.0,0,13,7,1,0,0,0,13,13
fernanda.yang@example.de,normal,2.9689,2.5216,0.0,0,13,7,1,0,1,0,4,8
giulia.odhiambo@example.es,normal,3.3232,2.5216,0.0,0,15,7,1,0,1,0,6,8
astrid.gupta1988@example.ru,normal,3.625,2.5216,0.25,0,16,7,1,0,1,0,6,9
ali.kamau@example.org,normal,2.6416,2.5216,0.0,0,9,7,1,0,1,0,3,5
aisha_wijaya@example.org,normal,2.7516,2.5216,0.0,0,12,7,1,0,0,1,12,12
haticebakker1976@example.it,normal,3.625,2.5216,0.25,0,16,7,1,0,0,0,16,16
fernanda_popov@test.com,normal,3.2359,1.5,0.0,0,14,4,1,0,0,1,14,14
abenasharma@example.net,normal,2.7322,2.5216,0.0,0,11,7,1,0,0,0,11,11
thanh_moreau@example.co.jp,normal,3.2516,2.5216,0.0,0,12,7,1,0,0,1,12,12
jorgejesus@example.co.jp,normal,2.7219,2.5216,0.0,0,10,7,1,0,0,0,10,10
amit.jimenez1970@example.co.jp,normal,3.625,2.5216,0.25,0,16,7,1,0,1,0,4,11
valeria.kaminski1988@test.com,normal,3.6464,1.5,0.2,0,20,4,1,0,1,0,7,12
john_greco@example.org,normal,3.1219,2.5216,0.0,0,10,7,1,0,0,1,10,10
alitorres2001@example.es,normal,3.3927,2.5216,0.3077,0,13,7,1,0,0,0,13,13
minjun.sokolov1982@example.fr,normal,3.7947,2.5216,0.2222,0,18,7,1,0,1,0,6,11
elena.vargas@example.co.jp,normal,3.0221,2.5216,0.0,0,12,7,1,0,1,0,5,6
solveig.becker1985@example.com.br,normal,3.9058,2.5216,0.2222,0,18,7,1,0,1,0,7,10
michaelmulder@example.com.au,normal,3.2389,2.5216,0.0,0,13,7,1,0,0,0,13,13
mustafa.mensah1983@test.com,normal,3.6835,1.5,0.2222,0,18,4,1,0,1,0,7,10
françoiscolombo@example.de,normal,3.3736,2.5216,0.0,0,15,7,1,0,0,0,15,15
vikram.hernandez@example.fr,normal,3.5,2.5216,0.0,0,16,7,1,0,1,0,6,9
giulia.otieno@example.ru,normal,3.1808,2.5216,0.0,0,13,7,1,0,1,0,6,6
jiwonturk@example.co.jp,normal,3.1699,2.5216,0.0,0,9,7,1,0,0,0,9,9
thet25lzse99f77@ctzg4f.biz,spam,3.3736,2.585,0.4,0,15,6,0,1,0,0,15,15
ekaterina_ferreira@example.es,normal,2.9058,2.5216,0.0,0,18,7,1,0,0,1,18,18
katarzyna.eriksson@example.de,normal,3.4613,2.5216,0.0,0,18,7,1,0,1,0,8,9
thanhwilliams@example.fr,normal,3.0851,2.5216,0.0,0,13,7,1,0,0,0,13,13
marie.sharma2000@example.co.uk,normal,3.1556,2.5216,0.25,0,16,7,1,0,1,0,5,10
ahmet_hoffmann@example.co.za,normal,3.0931,2.5216,0.0,0,14,7,1,0,0,1,14,14
maria.johansson1979@example.com,normal,3.5766,2.5216,0.2105,0,19,7,1,0,1,0,5,13
monikawijaya@example.it,normal,3.0221,2.5216,0.0,0,12,7,1,0,0,0,12,12
njorogehussein@example.org,normal,3.2359,2.5216,0.0,0,14,7,1,0,0,0,14,14
kofi.hansen@example.pl,normal,3.2776,2.5216,0.0,0,11,7,1,0,1,0,4,6
fatima.de_vries@example.pl,normal,3.5069,2.5216,0.0,0,15,7,1,0,1,1,6,8
sunita_oliveira@example.org,normal,3.4566,2.5216,0.0,0,15,7,1,0,0,1,15,15
bruno.nasser@example.com.au,normal,3.085,2.5216,0.0,0,12,7,1,0,1,0,5,6
iris.gallo1990@example.it,normal,3.3788,2.5216,0.2857,0,14,7,1,0,1,0,4,9
nJdXDHFyQk8@slayndn5g.win,spam,3.4594,2.9477,0.0909,0,11,9,0,1,0,0,11,11
fatuma_putri@example.co.jp,normal,3.085,2.5216,0.0,0,12,7,1,0,0,1,12,12
yuki_putri@example.fr,normal,2.9219,2.5216,0.0,0,10,7,1,0,0,1,10,10
ivan.smit@example.de,normal,2.9477,2.5216,0.0,0,9,7,1,0,1,0,4,4
fernandacoulibaly@example.co.jp,normal,3.5725,2.5216,0.0,0,17,7,1,0,0,0,17,17
arjun.li@example.de,normal,3.0,2.5216,0.0,0,8,7,1,0,1,0,2,5
astrid.demir@example.com.br,normal,3.085,2.5216,0.0,0,12,7,1,0,1,0,5,6
william.patel1994@test.com,normal,3.4548,1.5,0.2353,0,17,4,1,0,1,0,7,9
antonioobi@example.co.za,normal,2.4464,2.5216,0.0,0,10,7,1,0,0,0,10,10
minjun_wagner@example.com,normal,3.3347,2.5216,0.0,0,13,7,1,0,0,1,13,13
anne.johnson1975@example.org,normal,3.375,2.5216,0.25,0,16,7,1,0,1,0,4,11
wei.hussein@test.com,normal,2.914,1.5,0.0,0,11,4,1,0,1,0,3,7
james_hoffmann@example.com.au,normal,3.2359,2.5216,0.0,0,14,7,1,0,0,1,14,14
zawadi_liu@example.co.za,normal,2.9219,2.5216,0.0,0,10,7,1,0,0,1,10,10
gWsfVByODHiyX@kwk585x8.biz,spam,3.5466,2.25,0.0,0,13,8,0,1,0,0,13,13
françois_marino@example.es,normal,3.2402,2.5216,0.0,0,15,7,1,0,0,1,15,15
jean.fischer1993@example.it,normal,3.75,2.5216,0.25,0,16,7,1,0,1,0,4,11
luciayildiz@example.com,normal,2.8454,2.5216,0.0,0,11,7,1,0,0,0,11,11
qp3n@gvu4i.online,spam,2.0,2.3219,0.25,0,4,5,0,1,0,0,4,4
nourfouad@example.net,normal,2.7255,2.5216,0.0,0,9,7,1,0,0,0,9,9
jorge.pham@example.net,normal,3.3219,2.5216,0.0,0,10,7,1,0,1,0,4,5
njorogewozniak@example.com.au,normal,3.3249,2.5216,0.0,0,14,7,1,0,0,0,14,14
minh_robert@example.net,normal,3.2776,2.5216,0.0,0,11,7,1,0,0,1,11,11
rec2jwjj0v60xn@jzr25.loan,spam,3.3249,2.3219,0.2857,0,14,5,0,1,0,0,14,14
svetlana.zielinski@example.it,normal,3.3502,2.5216,0.0,0,18,7,1,0,1,0,8,9
kavita.lebedev@example.com,normal,3.182,2.5216,0.0,0,14,7,1,0,1,0,6,7
ahmet.wagner@test.com,normal,3.2516,1.5,0.0,0,12,4,1,0,1,0,5,6
wanjiru_gitau@example.co.uk,normal,3.2389,2.5216,0.0,0,13,7,1,0,0,1,13,13
57d44b1e@ye0qzsa7.site,spam,2.75,3.0,0.625,0,8,8,0,1,0,0,8,8
q665dlx@2zeeqnsn2.online,spam,2.5216,2.5033,0.4286,0,7,9,0,1,0,0,7,7
katarzynanwosu1983@example.de,normal,3.7947,2.5216,0.2222,0,18,7,1,0,0,0,18,18
alessia_perez@example.es,normal,3.027,2.5216,0.0,0,13,7,1,0,0,1,13,13
kenjiweber@example.co.jp,normal,2.8464,2.5216,0.0,0,10,7,1,0,0,0,10,10
nikolai.robert1997@example.org,normal,3.7255,2.5216,0.2222,0,18,7,1,0,1,0,7,10
rafaelyildiz@example.co.za,normal,3.085,2.5216,0.0,0,12,7,1,0,0,0,12,12
dmitri.mendoza@example.ru,normal,3.3788,2.5216,0.0,0,14,7,1,0,1,0,6,7
adaeze_gallo1976@example.ru,normal,3.4528,2.5216,0.25,0,16,7,1,0,0,1,16,16
kwame.miller@example.de,normal,3.085,2.5216,0.0,0,12,7,1,0,1,0,5,6
weimartinez@example.co.uk,normal,3.0958,2.5216,0.0,0,11,7,1,0,0,0,11,11
adaeze_tanaka@example.fr,normal,2.6535,2.5216,0.0,0,13,7,1,0,0,1,13,13
hyunnasser@example.it,normal,2.9219,2.5216,0.0,0,10,7,1,0,0,0,10,10
aurelie.janssen@example.it,normal,3.1899,2.5216,0.0,0,15,7,1,0,1,0,7,7
elenaandersen@example.ru,normal,2.5654,2.5216,0.0,0,13,7,1,0,0,0,13,13
annethomas@example.pl,normal,2.9219,2.5216,0.0,0,10,7,1,0,0,0,10,10
kipchoge.rodrigues@example.co.uk,normal,3.6144,2.5216,0.0,0,18,7,1,0,1,0,8,9
TInnSQ5iS8lHNSVI@uyp04k43.online,spam,3.4528,2.75,0.125,0,16,8,0,1,0,0,16,16
drl90a@ouadvwk.online,spam,2.585,2.8074,0.3333,0,6,7,0,1,0,0,6,6
emine.torres@example.com.au,normal,3.0221,2.5216,0.0,0,12,7,1,0,1,0,5,6
alejandra_brown@example.co.za,normal,3.3232,2.5216,0.0,0,15,7,1,0,0,1,15,15
sven.robert@example.it,normal,3.0958,2.5216,0.0,0,11,7,1,0,1,0,4,6
luciakowalski@example.co.uk,normal,3.0851,2.5216,0.0,0,13,7,1,0,0,0,13,13
ana_vargas@example.co.za,normal,2.5219,2.5216,0.0,0,10,7,1,0,0,1,10,10
pedro.ozturk@example.de,normal,3.2516,2.5216,0.0,0,12,7,1,0,1,0,5,6
vg7oq2zdo@4v1qx8ert.biz,spam,2.9477,3.1699,0.2222,0,9,9,0,1,0,0,9,9
elena.rodrigues@example.ru,normal,3.4566,2.5216,0.0,0,15,7,1,0,1,0,5,9
hassanlewandowski1986@example.co.uk,normal,3.749,2.5216,0.1905,0,21,7,1,0,0,0,21,21
erik.sharma@example.es,normal,3.0958,2.5216,0.0,0,11,7,1,0,1,0,4,6
eko_ndungu@example.com,normal,2.9219,2.5216,0.0,0,10,7,1,0,0,1,10,10
thanh.jesus@example.ru,normal,3.0958,2.5216,0.0,0,11,7,1,0,1,0,5,5
juliagitau@example.com.au,normal,2.7219,2.5216,0.0,0,10,7,1,0,0,0,10,10
hassan.bakker@example.org,normal,3.027,2.5216,0.0,0,13,7,1,0,1,0,6,6
magnus.kariuki@test.com,normal,3.2359,1.5,0.0,0,14,4,1,0,1,0,6,7
anita_lebedev@example.co.jp,normal,3.1808,2.5216,0.0,0,13,7,1,0,0,1,13,13
minjundemir@example.ru,normal,2.914,2.5216,0.0,0,11,7,1,0,0,0,11,11
janmensah1988@example.com.br,normal,3.2389,2.5216,0.3077,0,13,7,1,0,0,0,13,13
priyakowalczyk@example.ru,normal,3.3788,2.5216,0.0,0,14,7,1,0,0,0,14,14
budi_obi1973@example.com.br,normal,3.2516,2.5216,0.3333,0,12,7,1,0,0,1,12,12
amit_zielinski@example.co.uk,normal,3.2359,2.5216,0.0,0,14,7,1,0,0,1,14,14
mikhail_mehta@example.net,normal,3.0851,2.5216,0.0,0,13,7,1,0,0,1,13,13
mohammed.popov@example.com.au,normal,2.9852,2.5216,0.0,0,14,7,1,0,1,0,5,8
wei_larsson@example.de,normal,3.2776,2.5216,0.0,0,11,7,1,0,0,1,11,11
mohammed_colombo@example.com.br,normal,3.0,2.5216,0.0,0,16,7,1,0,0,1,16,16
isabel_lindqvist@example.org,normal,3.4528,2.5216,0.0,0,16,7,1,0,0,1,16,16
omar_vargas@example.it,normal,2.8454,2.5216,0.0,0,11,7,1,0,0,1,11,11
svetlana_popov@example.de,normal,3.2359,2.5216,0.0,0,14,7,1,0,0,1,14,14
emeka_putri@example.com,normal,3.2776,2.5216,0.0,0,11,7,1,0,0,1,11,11
bjornkariuki@example.net,normal,3.085,2.5216,0.0,0,12,7,1,0,0,0,12,12
alexeirichard1989@example.net,normal,3.4992,2.5216,0.2353,0,17,7,1,0,0,0,17,17
pierreshah@example.fr,normal,2.7219,2.5216,0.0,0,10,7,1,0,0,0,10,10
lars.nasser@example.it,normal,2.6635,2.5216,0.0,0,11,7,1,0,1,0,4,6
njorogepham@example.es,normal,3.2776,2.5216,0.0,0,11,7,1,0,0,0,11,11
isabelle_russo@example.co.uk,normal,3.182,2.5216,0.0,0,14,7,1,0,0,1,14,14
bjorn_ozturk1985@example.co.jp,normal,3.75,2.5216,0.25,0,16,7,1,0,0,1,16,16
anne_karlsson@example.de,normal,3.027,2.5216,0.0,0,13,7,1,0,0,1,13,13
kipchogericci@example.com.au,normal,2.9689,2.5216,0.0,0,13,7,1,0,0,0,13,13
jennifer.torres@example.it,normal,3.1396,2.5216,0.0,0,15,7,1,0,1,0,6,8
mariana_mendoza@example.org,normal,3.1069,2.5216,0.0,0,15,7,1,0,0,1,15,15
sophie_ferrari@example.co.za,normal,3.182,2.5216,0.0,0,14,7,1,0,0,1,14,14
deepatoure@example.com.au,normal,2.8464,2.5216,0.0,0,10,7,1,0,0,0,10,10
fatma.hansen@example.co.za,normal,3.0221,2.5216,0.0,0,12,7,1,0,1,0,5,6
elena.morozov1980@example.com.au,normal,3.6901,2.5216,0.2353,0,17,7,1,0,1,0,5,11
eduardo_sharma@example.co.za,normal,3.182,2.5216,0.0,0,14,7,1,0,0,1,14,14
tatiana.kaminski@example.co.za,normal,2.8278,2.5216,0.0,0,16,7,1,0,1,0,7,8
vikram_turk@example.com.br,normal,3.0958,2.5216,0.0,0,11,7,1,0,0,1,11,11
hyun.nguyen@test.com,normal,2.6635,1.5,0.0,0,11,4,1,0,1,0,4,6
emma_traore1994@example.net,normal,3.2402,2.5216,0.2667,0,15,7,1,0,0,1,15,15
magnus_janssen@example.fr,normal,2.9852,2.5216,0.0,0,14,7,1,0,0,1,14,14
camille.nasser@example.co.uk,normal,3.2359,2.5216,0.0,0,14,7,1,0,1,0,6,7
valeria.rossi@example.it,normal,3.0851,2.5216,0.0,0,13,7,1,0,1,0,5,7
zainabverma@example.co.jp,normal,3.0272,2.5216,0.0,0,11,7,1,0,0,0,11,11
sititraore@example.es,normal,2.7219,2.5216,0.0,0,10,7,1,0,0,0,10,10
valentina_gupta@example.co.jp,normal,3.3232,2.5216,0.0,0,15,7,1,0,0,1,15,15
jean.conti@example.co.jp,normal,3.1219,2.5216,0.0,0,10,7,1,0,1,0,4,5
anne.reyes@example.it,normal,2.6464,2.5216,0.0,0,10,7,1,0,1,0,4,5
lucia_chen1992@test.com,normal,3.5216,1.5,0.2857,0,14,4,1,0,0,1,14,14
anastasia.kusuma@example.com.au,normal,2.8522,2.5216,0.0,0,16,7,1,0,1,0,6,9
ashleylarsson1970@example.fr,normal,3.5725,2.5216,0.2353,0,17,7,1,0,0,0,17,17
arjun.rodriguez@example.com,normal,3.4566,2.5216,0.0,0,15,7,1,0,1,0,5,9
antoniomoore@example.com.br,normal,2.7516,2.5216,0.0,0,12,7,1,0,0,0,12,12
ahmetrossi@example.co.za,normal,3.1219,2.5216,0.0,0,10,7,1,0,0,0,10,10
zawadicolombo@example.co.jp,normal,3.1808,2.5216,0.0,0,13,7,1,0,0,0,13,13
alexeiotieno@example.co.za,normal,2.8554,2.5216,0.0,0,12,7,1,0,0,0,12,12
aureliechavez2002@test.com,normal,3.4548,1.5,0.2353,0,17,4,1,0,0,0,17,17
willem_diaz@example.co.jp,normal,3.0958,2.5216,0.0,0,11,7,1,0,0,1,11,11
priyaokafor@example.fr,normal,2.914,2.5216,0.0,0,11,7,1,0,0,0,11,11
giulia.bakker2005@example.ru,normal,3.6169,2.5216,0.2353,0,17,7,1,0,1,0,6,10
5n3ksg@226par.online,spam,2.585,2.2516,0.3333,0,6,6,0,1,0,0,6,6
adaezenowak@example.co.uk,normal,2.8454,2.5216,0.0,0,11,7,1,0,0,0,11,11
giuseppeferrari@example.co.uk,normal,3.0062,2.5216,0.0,0,15,7,1,0,0,0,15,15
luca.fouad@example.co.jp,normal,2.9219,2.5216,0.0,0,10,7,1,0,1,0,4,5
rahulchen@example.es,normal,2.9477,2.5216,0.0,0,9,7,1,0,0,0,9,9
mwangi.petit@example.net,normal,3.2516,2.5216,0.0,0,12,7,1,0,1,0,5,6
michaelweber@example.co.uk,normal,3.1887,2.5216,0.0,0,12,7,1,0,0,0,12,12
priya_smirnov@example.co.jp,normal,3.3927,2.5216,0.0,0,13,7,1,0,0,1,13,13
svende_jong@example.co.jp,normal,3.0958,2.5216,0.0,0,11,7,1,0,0,1,11,11
jennifersimon@example.com,normal,3.027,2.5216,0.0,0,13,7,1,0,0,0,13,13
njoroge.arslan@example.com,normal,3.2359,2.5216,0.0,0,14,7,1,0,1,0,6,7
rizkivan_den_berg@example.com.au,normal,3.4992,2.5216,0.0,0,17,7,1,0,0,1,17,17
priya_wijaya1978@example.co.jp,normal,3.4528,2.5216,0.25,0,16,7,1,0,0,1,16,16
anitaali2001@example.com.au,normal,2.8554,2.5216,0.3333,0,12,7,1,0,0,0,12,12
qbsxlul6lg@t1yjfe.site,spam,2.8464,2.585,0.1,0,10,6,0,1,0,0,10,10
ivan_martin@example.co.uk,normal,2.914,2.5216,0.0,0,11,7,1,0,0,1,11,11
astriddiallo1970@example.es,normal,3.5,2.5216,0.25,0,16,7,1,0,0,0,16,16
anita.bruno@example.co.uk,normal,3.0958,2.5216,0.0,0,11,7,1,0,1,0,5,5
diego.karim@example.net,normal,3.2776,2.5216,0.0,0,11,7,1,0,1,0,5,5
roberto_bernard1999@example.pl,normal,3.2608,2.5216,0.2105,0,19,7,1,0,0,1,19,19
ldqlov@31nrxd356.biz,spam,2.2516,2.9477,0.0,0,6,9,0,1,0,0,6,6
katharina_gupta@example.org,normal,3.2402,2.5216,0.0,0,15,7,1,0,0,1,15,15
sigrid_hansen@example.co.uk,normal,3.2389,2.5216,0.0,0,13,7,1,0,0,1,13,13
ahmedfischer@test.com,normal,3.2516,1.5,0.0,0,12,4,1,0,0,0,12,12
be17bc9a059c@f7pchcbn9w.online,spam,3.085,3.1219,0.5,0,12,10,0,1,0,0,12,12
carlos.williams@example.co.za,normal,3.1899,2.5216,0.0,0,15,7,1,0,1,0,6,8
carlosmensah1974@test.com,normal,3.75,1.5,0.25,0,16,4,1,0,0,0,16,16
kavita_kariuki@example.de,normal,2.7885,2.5216,0.0,0,14,7,1,0,0,1,14,14
haticearslan@example.com,normal,3.1887,2.5216,0.0,0,12,7,1,0,0,0,12,12
eriktanaka@test.com,normal,2.6464,1.5,0.0,0,10,4,1,0,0,0,10,10
anna_reyes1982@example.com.au,normal,3.3788,2.5216,0.2857,0,14,7,1,0,0,1,14,14
pierremutua@example.fr,normal,2.914,2.5216,0.0,0,11,7,1,0,0,0,11,11
ingrid_jesus@example.com.au,normal,3.2516,2.5216,0.0,0,12,7,1,0,0,1,12,12
rahul.petrov@example.org,normal,3.4183,2.5216,0.0,0,12,7,1,0,1,0,5,6
olgagonzalez2004@example.org,normal,3.25,2.5216,0.25,0,16,7,1,0,0,0,16,16
elenahoffmann@test.com,normal,2.8731,1.5,0.0,0,13,4,1,0,0,0,13,13
hatice.kariuki2001@example.com.br,normal,3.5724,2.5216,0.2222,0,18,7,1,0,1,0,6,11
iris.ndungu@example.ru,normal,2.914,2.5216,0.0,0,11,7,1,0,1,0,4,6
eavt8k06moxsf@wjeyu.biz,spam,3.7004,2.3219,0.2308,0,13,5,0,1,0,0,13,13
olga.hansen@example.co.jp,normal,3.0958,2.5216,0.0,0,11,7,1,0,1,0,4,6
maria.romero@example.co.jp,normal,2.6887,2.5216,0.0,0,12,7,1,0,1,0,5,6
wei.eriksson@example.com.br,normal,3.085,2.5216,0.0,0,12,7,1,0,1,0,3,8
nour_eze@example.net,normal,2.75,2.5216,0.0,0,8,7,1,0,0,1,8,8
luca_ozturk@example.co.za,normal,3.2776,2.5216,0.0,0,11,7,1,0,0,1,11,11
giuseppe.jimenez@example.ru,normal,3.25,2.5216,0.0,0,16,7,1,0,1,0,7,8
LtG9viIGNEl@ikgeq20h.site,spam,3.2776,3.0,0.0909,0,11,8,0,1,0,0,11,11
njoroge.weber@example.it,normal,3.027,2.5216,0.0,0,13,7,1,0,1,0,5,7
mwangi_berg@example.es,normal,3.2776,2.5216,0.0,0,11,7,1,0,0,1,11,11
robertwilliams@example.de,normal,3.3788,2.5216,0.0,0,14,7,1,0,0,0,14,14
antonionilsson@example.fr,normal,2.6106,2.5216,0.0,0,14,7,1,0,0,0,14,14
cer@g1ved32lx2.online,spam,1.585,3.1219,0.0,0,3,10,0,1,0,0,3,3
wanjiru_njeru@example.de,normal,3.0851,2.5216,0.0,0,13,7,1,0,0,1,13,13
erik_traore@example.co.jp,normal,2.8454,2.5216,0.0,0,11,7,1,0,0,1,11,11
ahmadrusso@example.org,normal,2.9219,2.5216,0.0,0,10,7,1,0,0,0,10,10
daniela_becker@example.co.jp,normal,3.3249,2.5216,0.0,0,14,7,1,0,0,1,14,14
agnieszka.toure@example.es,normal,3.6402,2.5216,0.0,0,15,7,1,0,1,0,5,9
ricardo.otieno@example.pl,normal,3.182,2.5216,0.0,0,14,7,1,0,1,0,6,7
solveig_szymanski@example.pl,normal,3.6901,2.5216,0.0,0,17,7,1,0,0,1,17,17
rizki.nguyen@example.com.br,normal,3.2516,2.5216,0.0,0,12,7,1,0,1,0,5,6
pierre.tran@example.co.jp,normal,2.8454,2.5216,0.0,0,11,7,1,0,1,0,4,6
anna_lindqvist@example.com.br,normal,3.182,2.5216,0.0,0,14,7,1,0,0,1,14,14
aisha_schneider@example.co.za,normal,3.2402,2.5216,0.0,0,15,7,1,0,0,1,15,15
sakura_kaya@example.co.uk,normal,2.5503,2.5216,0.0,0,11,7,1,0,0,1,11,11
astridbakker1997@example.co.za,normal,3.5,2.5216,0.25,0,16,7,1,0,0,0,16,16
pedrodiallo@example.ru,normal,2.914,2.5216,0.0,0,11,7,1,0,0,0,11,11
pierrenguyen@example.de,normal,2.8554,2.5216,0.0,0,12,7,1,0,0,0,12,12
dirkasante@example.fr,normal,3.1219,2.5216,0.0,0,10,7,1,0,0,0,10,10
alijoshi1971@example.org,normal,3.2516,2.5216,0.3333,0,12,7,1,0,0,0,12,12
isabel.kusuma@example.com.au,normal,3.2389,2.5216,0.0,0,13,7,1,0,1,0,6,6
minhlaurent2005@example.ru,normal,3.6402,2.5216,0.2667,0,15,7,1,0,0,0,15,15
wei.liu@example.co.uk,normal,2.5216,2.5216,0.0,0,7,7,1,0,1,0,3,3
aishavan_den_berg1998@example.net,normal,3.7849,2.5216,0.1905,0,21,7,1,0,0,1,21,21
svetlana.moreau@example.org,normal,3.4566,2.5216,0.0,0,15,7,1,0,1,0,6,8
miguelhassan@example.com.au,normal,3.2516,2.5216,0.0,0,12,7,1,0,0,0,12,12
mehmet.li@example.net,normal,2.7255,2.5216,0.0,0,9,7,1,0,1,0,2,6
freya.hoffmann@example.fr,normal,3.182,2.5216,0.0,0,14,7,1,0,1,0,5,8
dmitri_eze@example.co.jp,normal,2.9219,2.5216,0.0,0,10,7,1,0,0,1,10,10
andreasantoso@example.com,normal,2.8731,2.5216,0.0,0,13,7,1,0,0,0,13,13
michael_perez@example.net,normal,3.3347,2.5216,0.0,0,13,7,1,0,0,1,13,13
aishade_vries2002@example.com,normal,3.3816,2.5216,0.2353,0,17,7,1,0,0,1,17,17
rahul_smirnov1998@test.com,normal,3.8522,1.5,0.2353,0,17,4,1,0,0,1,17,17
mwangi_johansson@example.com.br,normal,3.3278,2.5216,0.0,0,16,7,1,0,0,1,16,16
meisingh@test.com,normal,2.75,1.5,0.0,0,8,4,1,0,0,0,8,8
sabine_fouad@example.org,normal,3.4183,2.5216,0.0,0,12,7,1,0,0,1,12,12
erik_mendoza@example.de,normal,3.4183,2.5216,0.0,0,12,7,1,0,0,1,12,12
giovannilopez@example.it,normal,3.2389,2.5216,0.0,0,13,7,1,0,0,0,13,13
chidiasante1998@example.org,normal,3.5069,2.5216,0.2667,0,15,7,1,0,0,0,15,15
fatmasmith@example.co.za,normal,2.7219,2.5216,0.0,0,10,7,1,0,0,0,10,10
marco_shah@example.co.za,normal,2.9219,2.5216,0.0,0,10,7,1,0,0,1,10,10
miguelkozlov@example.com.au,normal,3.2516,2.5216,0.0,0,12,7,1,0,0,0,12,12
julia_lindqvist@example.com.br,normal,3.4566,2.5216,0.0,0,15,7,1,0,0,1,15,15
i9ha@gnxb5jtb.biz,spam,2.0,2.75,0.25,0,4,8,0,1,0,0,4,4
patricia.gallo@example.it,normal,3.182,2.5216,0.0,0,14,7,1,0,1,0,5,8
fatmalewandowski@example.ru,normal,3.5778,2.5216,0.0,0,16,7,1,0,0,0,16,16
ana.toure@example.ru,normal,2.9477,2.5216,0.0,0,9,7,1,0,1,0,3,5
valerianovikov@test.com,normal,3.0391,1.5,0.0,0,14,4,1,0,0,0,14,14
vikramwang@example.pl,normal,3.1219,2.5216,0.0,0,10,7,1,0,0,0,10,10
mariasmit1992@example.com,normal,3.0851,2.5216,0.3077,0,13,7,1,0,0,0,13,13
nguyenzielinski@example.it,normal,3.1396,2.5216,0.0,0,15,7,1,0,0,0,15,15
amit.richard1979@example.com.au,normal,3.5,2.5216,0.25,0,16,7,1,0,1,0,4,11
carlos_smirnov1993@example.co.za,normal,3.7255,2.5216,0.2222,0,18,7,1,0,0,1,18,18
jessica.singh@example.fr,normal,3.1808,2.5216,0.0,0,13,7,1,0,1,0,5,7
mustafa.mendoza@example.co.uk,normal,3.4566,2.5216,0.0,0,15,7,1,0,1,0,7,7
olgaasante@example.pl,normal,2.8464,2.5216,0.0,0,10,7,1,0,0,0,10,10
kofi_taylor@example.co.uk,normal,3.2776,2.5216,0.0,0,11,7,1,0,0,1,11,11
lucapark@example.com.au,normal,2.75,2.5216,0.0,0,8,7,1,0,0,0,8,8
ahmedchen@example.co.jp,normal,2.7255,2.5216,0.0,0,9,7,1,0,0,0,9,9
giovanni_jesus@example.pl,normal,3.3788,2.5216,0.0,0,14,7,1,0,0,1,14,14
0ui2@zybno2y8b0.top,spam,2.0,2.9219,0.5,0,4,10,0,1,0,0,4,4
amina_diaz@example.co.jp,normal,2.6464,2.5216,0.0,0,10,7,1,0,0,1,10,10
robert.turk@example.ru,normal,2.8454,2.5216,0.0,0,11,7,1,0,1,0,4,6
muw@xyjc.win,spam,1.585,2.0,0.0,0,3,4,0,1,0,0,3,3
haticekarlsson@example.fr,normal,3.5216,2.5216,0.0,0,14,7,1,0,0,0,14,14
mei.kaminski@example.co.uk,normal,2.8554,2.5216,0.0,0,12,7,1,0,1,0,3,8
svenschneider@example.es,normal,3.027,2.5216,0.0,0,13,7,1,0,0,0,13,13
amandarodrigues@example.pl,normal,3.3232,2.5216,0.0,0,15,7,1,0,0,0,15,15
nguyen_tanaka@example.pl,normal,2.9689,2.5216,0.0,0,13,7,1,0,0,1,13,13
jiwon_park@example.pl,normal,3.3219,2.5216,0.0,0,10,7,1,0,0,1,10,10
dirkflores@example.org,normal,3.1219,2.5216,0.0,0,10,7,1,0,0,0,10,10
mehmet.kaminski@example.net,normal,3.1899,2.5216,0.0,0,15,7,1,0,1,0,6,8
xtv76@9ln1p0vu.top,spam,2.3219,3.0,0.4,0,5,8,0,1,0,0,5,5
amara.yilmaz@example.pl,normal,2.7516,2.5216,0.0,0,12,7,1,0,1,0,5,6
aurelie.wagner@example.co.jp,normal,3.182,2.5216,0.0,0,14,7,1,0,1,0,6,7
maryam.nasser@example.com.br,normal,2.8731,2.5216,0.0,0,13,7,1,0,1,0,6,6
wati_li@example.org,normal,2.5216,2.5216,0.0,0,7,7,1,0,0,1,7,7
aisha.traore@example.org,normal,3.0221,2.5216,0.0,0,12,7,1,0,1,0,5,6
eko_mwangi@example.ru,normal,3.3219,2.5216,0.0,0,10,7,1,0,0,1,10,10
ahmet.ozturk@example.it,normal,3.4183,2.5216,0.0,0,12,7,1,0,1,0,5,6
andreas_wijaya@example.it,normal,3.2359,2.5216,0.0,0,14,7,1,0,0,1,14,14
noureze@example.ru,normal,2.5216,2.5216,0.0,0,7,7,1,0,0,0,7,7
deepahassan@example.ru,normal,2.6635,2.5216,0.0,0,11,7,1,0,0,0,11,11
kofi.kowalski@example.pl,normal,3.027,2.5216,0.0,0,13,7,1,0,1,0,4,8
zeynep.coulibaly@example.ru,normal,3.625,2.5216,0.0,0,16,7,1,0,1,0,6,9
8wzjH4QDoafgJ@fds0dji.win,spam,3.7004,2.5216,0.1538,0,13,7,0,1,0,0,13,13
yuki_park1999@example.com,normal,3.1808,2.5216,0.3077,0,13,7,1,0,0,1,13,13
bjorntorres@example.fr,normal,2.8454,2.5216,0.0,0,11,7,1,0,0,0,11,11
zawadiflores@example.it,normal,3.4183,2.5216,0.0,0,12,7,1,0,0,0,12,12
ahmedtanaka1978@example.de,normal,3.3736,2.5216,0.2667,0,15,7,1,0,0,0,15,15
sakura.visser@example.fr,normal,3.027,2.5216,0.0,0,13,7,1,0,1,0,6,6
melissataylor2000@example.com,normal,3.4548,2.5216,0.2353,0,17,7,1,0,0,0,17,17
jessicaliu@example.pl,normal,2.9219,2.5216,0.0,0,10,7,1,0,0,0,10,10
rehema.hassan@example.org,normal,2.8731,2.5216,0.0,0,13,7,1,0,1,0,6,6
pooja_yilmaz@example.it,normal,3.2516,2.5216,0.0,0,12,7,1,0,0,1,12,12
kamaumueller@example.co.uk,normal,2.7516,2.5216,0.0,0,12,7,1,0,0,0,12,12
antonio.mwangi@example.co.za,normal,3.0391,2.5216,0.0,0,14,7,1,0,1,0,6,7
miguelmorozov@example.com.au,normal,3.1808,2.5216,0.0,0,13,7,1,0,0,0,13,13
hyun.zielinski1972@test.com,normal,3.7947,1.5,0.2222,0,18,4,1,0,1,0,4,13
katharina_bernard@example.de,normal,3.2195,2.5216,0.0,0,17,7,1,0,0,1,17,17
eko_silva@example.ru,normal,3.1699,2.5216,0.0,0,9,7,1,0,0,1,9,9
mikhail.williams1984@example.co.uk,normal,3.4842,2.5216,0.2,0,20,7,1,0,1,0,7,12
pieter.greco@example.co.za,normal,3.0221,2.5216,0.0,0,12,7,1,0,1,0,5,6
alejandro.romero@example.net,normal,3.1556,2.5216,0.0,0,16,7,1,0,1,0,6,9
hassannilsson@example.fr,normal,2.5654,2.5216,0.0,0,13,7,1,0,0,0,13,13
1fkold@c4e5hrdu4.info,spam,2.585,2.9477,0.1667,0,6,9,0,1,0,0,6,6
anne.putri1989@example.de,normal,3.5216,2.5216,0.2857,0,14,7,1,0,1,0,4,9
omar_pereira@example.org,normal,2.8554,2.5216,0.0,0,12,7,1,0,0,1,12,12
aminalebedev1999@example.ru,normal,3.2806,2.5216,0.25,0,16,7,1,0,0,0,16,16
javier.chopra@example.fr,normal,3.3927,2.5216,0.0,0,13,7,1,0,1,0,6,6
alejandro.ndungu@example.co.jp,normal,3.3278,2.5216,0.0,0,16,7,1,0,1,0,6,9
siti_putri@example.ru,normal,2.6464,2.5216,0.0,0,10,7,1,0,0,1,10,10
hiroshi.braun@example.com.br,normal,3.2389,2.5216,0.0,0,13,7,1,0,1,0,5,7
stefanbakker2004@example.com.au,normal,3.5,2.5216,0.25,0,16,7,1,0,0,0,16,16
wati.wijaya@example.de,normal,2.6635,2.5216,0.0,0,11,7,1,0,1,0,4,6
kofi.morales@example.de,normal,3.4183,2.5216,0.0,0,12,7,1,0,1,0,4,7
ekocolombo@test.com,normal,2.5219,1.5,0.0,0,10,4,1,0,0,0,10,10
njoroge_gonzalez@example.es,normal,3.2028,2.5216,0.0,0,16,7,1,0,0,1,16,16
ricardoarslan@example.co.uk,normal,2.9689,2.5216,0.0,0,13,7,1,0,0,0,13,13
carlos.colombo@example.de,normal,2.9502,2.5216,0.0,0,14,7,1,0,1,0,6,7
danielamiller@example.es,normal,2.8731,2.5216,0.0,0,13,7,1,0,0,0,13,13
robertohussein@test.com,normal,3.2359,1.5,0.0,0,14,4,1,0,0,0,14,14
aisha_greco@example.org,normal,3.2776,2.5216,0.0,0,11,7,1,0,0,1,11,11
luciazielinski@example.it,normal,3.0931,2.5216,0.0,0,14,7,1,0,0,0,14,14
lucia.ricci@example.it,normal,2.5949,2.5216,0.0,0,11,7,1,0,1,0,5,5
ashleychen@example.it,normal,2.9219,2.5216,0.0,0,10,7,1,0,0,0,10,10
kipchoge.mutua@example.pl,normal,3.6645,2.5216,0.0,0,14,7,1,0,1,0,5,8
marco.kusuma1976@example.pl,normal,3.625,2.5216,0.25,0,16,7,1,0,1,0,5,10
melissa_olsen@example.es,normal,3.027,2.5216,0.0,0,13,7,1,0,0,1,13,13
mohammed.marino@example.co.uk,normal,3.1069,2.5216,0.0,0,15,7,1,0,1,0,6,8
katarzyna.schmidt@example.com,normal,3.6901,2.5216,0.0,0,17,7,1,0,1,0,7,9
sunita.bakker1999@example.com,normal,3.5725,2.5216,0.2353,0,17,7,1,0,1,0,6,10
lucasmirnov@example.co.uk,normal,3.4594,2.5216,0.0,0,11,7,1,0,0,0,11,11
sq3@5it9.biz,spam,1.585,2.0,0.3333,0,3,4,0,1,0,0,3,3
basgonzalez2001@example.de,normal,3.5069,2.5216,0.2667,0,15,7,1,0,0,0,15,15
william.kowalczyk@example.de,normal,3.3372,2.5216,0.0,0,17,7,1,0,1,0,7,9
zeynep_visser@example.org,normal,3.1808,2.5216,0.0,0,13,7,1,0,0,1,13,13
y8nbiquwrxze1hm38@tnd6r3.work,spam,3.9698,2.585,0.2353,0,17,6,0,1,0,0,17,17
jessica.eze1970@example.ru,normal,3.4566,2.5216,0.2667,0,15,7,1,0,1,0,7,7
zainab.yilmaz@example.co.jp,normal,3.027,2.5216,0.0,0,13,7,1,0,1,0,6,6
vladimir_laurent@example.pl,normal,3.5,2.5216,0.0,0,16,7,1,0,0,1,16,16
amandalewandowski2003@example.de,normal,3.6304,2.5216,0.1905,0,21,7,1,0,0,0,21,21
alessia.gitau@example.net,normal,3.027,2.5216,0.0,0,13,7,1,0,1,0,5,7
luis.van_den_berg1996@example.ru,normal,4.0114,2.5216,0.1905,0,21,7,1,0,1,1,4,16
omar_asante@example.it,normal,3.0272,2.5216,0.0,0,11,7,1,0,0,1,11,11
william_reyes@example.net,normal,3.2389,2.5216,0.0,0,13,7,1,0,0,1,13,13
watirahman@example.co.jp,normal,2.8464,2.5216,0.0,0,10,7,1,0,0,0,10,10
nour.miller@example.es,normal,3.0958,2.5216,0.0,0,11,7,1,0,1,0,4,6
pierre.simon@example.com.br,normal,3.085,2.5216,0.0,0,12,7,1,0,1,0,5,6
katarzyna_mutua@example.it,normal,3.1069,2.5216,0.0,0,15,7,1,0,0,1,15,15
rafael.durand@example.de,normal,3.027,2.5216,0.0,0,13,7,1,0,1,0,6,6
maryam.novikov1997@example.fr,normal,3.6144,2.5216,0.2222,0,18,7,1,0,1,0,6,11
alikaya@example.co.jp,normal,2.1281,2.5216,0.0,0,7,7,1,0,0,0,7,7
mwangiturk@example.it,normal,3.3219,2.5216,0.0,0,10,7,1,0,0,0,10,10
wanjirurossi1997@example.co.za,normal,3.5,2.5216,0.25,0,16,7,1,0,0,0,16,16
kenjivan_den_berg@example.es,normal,3.4104,2.5216,0.0,0,17,7,1,0,0,1,17,17
natasha_taylor@example.com.br,normal,3.0931,2.5216,0.0,0,14,7,1,0,0,1,14,14
astridmulder@example.es,normal,3.2516,2.5216,0.0,0,12,7,1,0,0,0,12,12
javierkamau@example.com,normal,3.0272,2.5216,0.0,0,11,7,1,0,0,0,11,11
isabel_laurent@example.org,normal,3.3788,2.5216,0.0,0,14,7,1,0,0,1,14,14
antonio.jimenez@example.es,normal,3.1899,2.5216,0.0,0,15,7,1,0,1,0,7,7
lars.martins@example.it,normal,3.085,2.5216,0.0,0,12,7,1,0,1,0,4,7
vladimir.morozov@example.org,normal,3.2028,2.5216,0.0,0,16,7,1,0,1,0,7,8
alejandrademir@example.org,normal,3.0391,2.5216,0.0,0,14,7,1,0,0,0,14,14
k36m8jvh7ujod@smes.win,spam,3.5466,1.5,0.3077,0,13,4,0,1,0,0,13,13
amanda.de_vries@example.com.au,normal,3.3232,2.5216,0.0,0,15,7,1,0,1,1,6,8
minjunmansour1976@example.com.au,normal,3.5725,2.5216,0.2353,0,17,7,1,0,0,0,17,17
zeynep_kowalski1989@example.com,normal,3.9321,2.5216,0.2105,0,19,7,1,0,0,1,19,19
isabelle.diaz2000@example.co.uk,normal,3.3372,2.5216,0.2353,0,17,7,1,0,1,0,8,8
giuliawilliams@example.co.jp,normal,2.7534,2.5216,0.0,0,14,7,1,0,0,0,14,14
arjun_kusuma@example.es,normal,3.0221,2.5216,0.0,0,12,7,1,0,0,1,12,12
boris.williams@example.it,normal,3.182,2.5216,0.0,0,14,7,1,0,1,0,5,8
W6UGBk0hopUU@gdc5t.biz,spam,3.1887,2.3219,0.1667,0,12,5,0,1,0,0,12,12
jessica_becker@example.fr,normal,3.182,2.5216,0.0,0,14,7,1,0,0,1,14,14
robert_romero2002@example.net,normal,2.9842,2.5216,0.2353,0,17,7,1,0,0,1,17,17
iwznv0h0gq9c80ebkj@vjlzf.click,spam,3.9058,2.3219,0.2778,0,18,5,0,1,0,0,18,18
ahmet_mueller@example.net,normal,3.027,2.5216,0.0,0,13,7,1,0,0,1,13,13
zainab_rahman@example.co.jp,normal,2.9312,2.5216,0.0,0,13,7,1,0,0,1,13,13
alessia_santos1971@example.ru,normal,3.3502,2.5216,0.2222,0,18,7,1,0,0,1,18,18
lars.yildiz@example.de,normal,3.0958,2.5216,0.0,0,11,7,1,0,1,0,4,6
emmawagner@example.com,normal,2.7219,2.5216,0.0,0,10,7,1,0,0,0,10,10
françois_smirnov@test.com,normal,3.375,1.5,0.0,0,16,4,1,0,0,1,16,16
nicolasjanssen@test.com,normal,2.9852,1.5,0.0,0,14,4,1,0,0,0,14,14
svenjones@example.co.za,normal,2.5033,2.5216,0.0,0,9,7,1,0,0,0,9,9
rahul_lopez@example.com.br,normal,3.2776,2.5216,0.0,0,11,7,1,0,0,1,11,11
sophie_mutua@example.fr,normal,3.4183,2.5216,0.0,0,12,7,1,0,0,1,12,12
sigridhansen@test.com,normal,3.085,1.5,0.0,0,12,4,1,0,0,0,12,12
diegotanaka@example.pl,normal,3.0272,2.5216,0.0,0,11,7,1,0,0,0,11,11
sigrid_popov@example.com,normal,3.085,2.5216,0.0,0,12,7,1,0,0,1,12,12
eduardoromero@example.fr,normal,2.6612,2.5216,0.0,0,13,7,1,0,0,0,13,13
wati_braun@example.pl,normal,3.1219,2.5216,0.0,0,10,7,1,0,0,1,10,10
aisha_otieno@example.it,normal,3.085,2.5216,0.0,0,12,7,1,0,0,1,12,12
anita.greco@example.fr,normal,3.2776,2.5216,0.0,0,11,7,1,0,1,0,5,5
emma_mensah@test.com,normal,2.6635,1.5,0.0,0,11,4,1,0,0,1,11,11
1elou83g47rrbe@w6tm2.work,spam,3.5216,2.3219,0.3571,0,14,5,0,1,0,0,14,14
siwg@u01uyzpd2.online,spam,2.0,2.9477,0.0,0,4,9,0,1,0,0,4,4
neas6y3vg6v5t@erev361xsn.biz,spam,3.3927,3.1219,0.3077,0,13,10,0,1,0,0,13,13
irina_mehta@example.co.za,normal,3.0958,2.5216,0.0,0,11,7,1,0,0,1,11,11
fatima.hoffmann@example.ru,normal,3.0062,2.5216,0.0,0,15,7,1,0,1,0,6,8
bjorn_ibrahim@example.com,normal,3.2389,2.5216,0.0,0,13,7,1,0,0,1,13,13
vladimirlindqvist@example.co.jp,normal,3.2639,2.5216,0.0,0,17,7,1,0,0,0,17,17
priya.karlsson1987@test.com,normal,3.8366,1.5,0.2222,0,18,4,1,0,1,0,5,12
john_schulz@example.net,normal,3.2776,2.5216,0.0,0,11,7,1,0,0,1,11,11
jankumar@example.pl,normal,2.75,2.5216,0.0,0,8,7,1,0,0,0,8,8
juliaferrari@example.pl,normal,2.8554,2.5216,0.0,0,12,7,1,0,0,0,12,12
hyuneze@example.es,normal,2.5216,2.5216,0.0,0,7,7,1,0,0,0,7,7
jennifer_szymanski@example.it,normal,3.5724,2.5216,0.0,0,18,7,1,0,0,1,18,18
bjornjesus@example.com.au,normal,2.9219,2.5216,0.0,0,10,7,1,0,0,0,10,10
minjun.wilson1995@example.co.uk,normal,3.5725,2.5216,0.2353,0,17,7,1,0,1,0,6,10
mohammed_kumar@example.de,normal,3.0931,2.5216,0.0,0,14,7,1,0,0,1,14,14
jennifer.kariuki@example.fr,normal,3.2028,2.5216,0.0,0,16,7,1,0,1,0,7,8
jiwon.rodriguez@example.co.jp,normal,3.5069,2.5216,0.0,0,15,7,1,0,1,0,5,9
elena.kaminski@example.com.au,normal,3.0931,2.5216,0.0,0,14,7,1,0,1,0,5,8
fernando_demir@example.pl,normal,3.2359,2.5216,0.0,0,14,7,1,0,0,1,14,14
zainab.simon@example.co.jp,normal,3.085,2.5216,0.0,0,12,7,1,0,1,0,5,6
hassan_moore@example.net,normal,3.085,2.5216,0.0,0,12,7,1,0,0,1,12,12
4bepejzhyapdswz@3dzeedh.top,spam,3.5069,2.2359,0.0667,0,15,7,0,1,0,0,15,15
amit.weber@example.net,normal,3.1219,2.5216,0.0,0,10,7,1,0,1,0,4,5
anajohnson@example.fr,normal,2.4464,2.5216,0.0,0,10,7,1,0,0,0,10,10
sitiomar@example.de,normal,2.75,2.5216,0.0,0,8,7,1,0,0,0,8,8
melissa.eriksson1998@example.es,normal,3.6219,2.5216,0.2,0,20,7,1,0,1,0,7,12
william_odhiambo@example.com,normal,3.2028,2.5216,0.0,0,16,7,1,0,0,1,16,16
dwd@likwe4b.loan,spam,0.9183,2.8074,0.0,0,3,7,0,1,0,0,3,3
v726yg3dxvl5pvyiom@qeoz0k.online,spam,3.7947,2.585,0.2778,0,18,6,0,1,0,0,18,18
irisnguyen@example.com.br,normal,2.9219,2.5216,0.0,0,10,7,1,0,0,0,10,10
fatoumehta@example.com,normal,2.9219,2.5216,0.0,0,10,7,1,0,0,0,10,10
amandagarcia@example.de,normal,2.6175,2.5216,0.0,0,12,7,1,0,0,0,12,12
kavitachopra@example.co.jp,normal,3.1887,2.5216,0.0,0,12,7,1,0,0,0,12,12
jamesweber@example.fr,normal,2.8464,2.5216,0.0,0,10,7,1,0,0,0,10,10
minjun_kozlov@example.es,normal,3.3927,2.5216,0.0,0,13,7,1,0,0,1,13,13
aurelie.tanaka@example.com.br,normal,3.0931,2.5216,0.0,0,14,7,1,0,1,0,6,7
mikhailandersen@example.it,normal,3.3736,2.5216,0.0,0,15,7,1,0,0,0,15,15
eduardojones@example.es,normal,3.085,2.5216,0.0,0,12,7,1,0,0,0,12,12
hassan_fouad@example.ru,normal,3.0221,2.5216,0.0,0,12,7,1,0,0,1,12,12
astrid.li@example.com,normal,2.9477,2.5216,0.0,0,9,7,1,0,1,0,2,6
nbcj2@yfc2ht.loan,spam,2.3219,2.585,0.2,0,5,6,0,1,0,0,5,5
emma.celik@example.pl,normal,2.9219,2.5216,0.0,0,10,7,1,0,1,0,4,5
mariana_bakker@test.com,normal,2.9502,1.5,0.0,0,14,4,1,0,0,1,14,14
rafael.kowalczyk1997@example.org,normal,3.7842,2.5216,0.2,0,20,7,1,0,1,0,6,13
2288d2ae0b333@h6nqqb9lz.online,spam,2.8151,2.9477,0.6923,0,13,9,0,1,0,0,13,13
jeannilsson@test.com,normal,2.8454,1.5,0.0,0,11,4,1,0,0,0,11,11
18gp51kfk7y6qxds@27zeo.info,spam,3.75,2.3219,0.375,0,16,5,0,1,0,0,16,16
hassan.richard@example.co.jp,normal,3.0391,2.5216,0.0,0,14,7,1,0,1,0,6,7
79573a5c4@u9y3z.top,spam,2.7255,2.3219,0.7778,0,9,5,0,1,0,0,9,9
elena.davis1991@example.pl,normal,3.3736,2.5216,0.2667,0,15,7,1,0,1,0,5,9
valentina.schneider@example.co.uk,normal,3.5369,2.5216,0.0,0,19,7,1,0,1,0,9,9
hiroshi_rossi@example.de,normal,2.5074,2.5216,0.0,0,13,7,1,0,0,1,13,13
borispopov@example.com.br,normal,2.6464,2.5216,0.0,0,10,7,1,0,0,0,10,10
emekavisser@example.ru,normal,2.8454,2.5216,0.0,0,11,7,1,0,0,0,11,11
valentina.mensah@example.co.za,normal,3.2806,2.5216,0.0,0,16,7,1,0,1,0,6,9
maryamyildiz@example.es,normal,2.9183,2.5216,0.0,0,12,7,1,0,0,0,12,12
pietertran@example.net,normal,2.7219,2.5216,0.0,0,10,7,1,0,0,0,10,10
Wrdy9qY@pr7vg.info,spam,2.8074,2.3219,0.1429,0,7,5,0,1,0,0,7,7
carlos.mansour@example.com,normal,3.2359,2.5216,0.0,0,14,7,1,0,1,0,6,7
luca.omar@example.net,normal,2.9477,2.5216,0.0,0,9,7,1,0,1,0,4,4
katharina_smirnov@example.es,normal,3.4548,2.5216,0.0,0,17,7,1,0,0,1,17,17
michael.diaz@example.com,normal,3.2516,2.5216,0.0,0,12,7,1,0,1,0,4,7
floorcoulibaly1993@example.co.za,normal,3.5305,2.5216,0.2222,0,18,7,1,0,0,0,18,18
julia_demir@example.co.jp,normal,3.2776,2.5216,0.0,0,11,7,1,0,0,1,11,11
ahmad.nasser@example.co.za,normal,3.0221,2.5216,0.0,0,12,7,1,0,1,0,5,6
patriciadiallo@example.ru,normal,2.9852,2.5216,0.0,0,14,7,1,0,0,0,14,14
wei.obi@example.co.jp,normal,2.5216,2.5216,0.0,0,7,7,1,0,1,0,3,3
pooja.kamau@example.co.jp,normal,2.8454,2.5216,0.0,0,11,7,1,0,1,0,5,5
willemolsen1995@example.co.za,normal,3.3232,2.5216,0.2667,0,15,7,1,0,0,0,15,15
zggm0j36tcfkjnaw@05wnwlc.online,spam,3.75,2.5216,0.1875,0,16,7,0,1,0,0,16,16
jennifer.greco@example.es,normal,3.182,2.5216,0.0,0,14,7,1,0,1,0,5,8
budi_santos@example.co.jp,normal,3.2776,2.5216,0.0,0,11,7,1,0,0,1,11,11
david_schulz@example.co.jp,normal,3.4183,2.5216,0.0,0,12,7,1,0,0,1,12,12
jessicaali1977@example.de,normal,3.2359,2.5216,0.2857,0,14,7,1,0,0,0,14,14
isabel_vargas@example.co.jp,normal,3.1808,2.5216,0.0,0,13,7,1,0,0,1,13,13
kenjiszymanski@test.com,normal,3.2359,1.5,0.0,0,14,4,1,0,0,0,14,14
luis_ivanov@test.com,normal,3.0958,1.5,0.0,0,11,4,1,0,0,1,11,11
mehmetsmit@example.com,normal,2.4464,2.5216,0.0,0,10,7,1,0,0,0,10,10
wati_nwosu@example.com.au,normal,3.1219,2.5216,0.0,0,10,7,1,0,0,1,10,10
baptiste.szymanski@example.it,normal,3.5724,2.5216,0.0,0,18,7,1,0,1,0,8,9
emix7ib5n2ej@k63n2qb6g.online,spam,3.2516,2.9477,0.25,0,12,9,0,1,0,0,12,12
uxg2myr06nkwfg3m@wo6cmlxzv.work,spam,3.75,3.1699,0.25,0,16,9,0,1,0,0,16,16
natashanjeru@example.fr,normal,3.0221,2.5216,0.0,0,12,7,1,0,0,0,12,12
thanh_wojcik@example.de,normal,3.4183,2.5216,0.0,0,12,7,1,0,0,1,12,12
q95g3v23@wsgy7.site,spam,2.75,2.3219,0.625,0,8,5,0,1,0,0,8,8
yuki_silva@example.co.za,normal,3.1219,2.5216,0.0,0,10,7,1,0,0,1,10,10
fatmaputri@example.es,normal,2.9219,2.5216,0.0,0,10,7,1,0,0,0,10,10
aliarslan@example.com.au,normal,2.4194,2.5216,0.0,0,9,7,1,0,0,0,9,9
ricardo_schulz@example.co.uk,normal,3.5216,2.5216,0.0,0,14,7,1,0,0,1,14,14
isabelletaylor@example.pl,normal,3.182,2.5216,0.0,0,14,7,1,0,0,0,14,14
wojciechkumar1998@example.pl,normal,3.8522,2.5216,0.2353,0,17,7,1,0,0,0,17,17
javier_greco@example.de,normal,3.2516,2.5216,0.0,0,12,7,1,0,0,1,12,12
emeka_asante@example.com,normal,2.7925,2.5216,0.0,0,12,7,1,0,0,1,12,12
bas.otieno1991@example.pl,normal,3.3788,2.5216,0.2857,0,14,7,1,0,1,0,3,10
williamoliveira@example.com.br,normal,2.9232,2.5216,0.0,0,15,7,1,0,0,0,15,15
zeynep.weber@example.org,normal,2.9183,2.5216,0.0,0,12,7,1,0,1,0,5,6
camille_diaz@example.it,normal,3.085,2.5216,0.0,0,12,7,1,0,0,1,12,12
wanjiru.garcia@example.co.za,normal,3.182,2.5216,0.0,0,14,7,1,0,1,0,6,7
rizki_flores@example.co.jp,normal,3.2516,2.5216,0.0,0,12,7,1,0,0,1,12,12
ahmadjesus@example.ru,normal,2.9219,2.5216,0.0,0,10,7,1,0,0,0,10,10
mohammed.waweru@example.es,normal,3.1899,2.5216,0.0,0,15,7,1,0,1,0,6,8
ivan.rodriguez@example.es,normal,3.5216,2.5216,0.0,0,14,7,1,0,1,0,4,9
anitawagner@example.com.br,normal,2.8454,2.5216,0.0,0,11,7,1,0,0,0,11,11
hatice_kuznetsov@example.es,normal,3.75,2.5216,0.0,0,16,7,1,0,0,1,16,16
olga_santos1972@example.de,normal,3.5069,2.5216,0.2667,0,15,7,1,0,0,1,15,15
yuki_ibrahim@example.co.jp,normal,3.1887,2.5216,0.0,0,12,7,1,0,0,1,12,12
john_kowalczyk@example.net,normal,3.5216,2.5216,0.0,0,14,7,1,0,0,1,14,14
arjunricci@example.de,normal,2.7219,2.5216,0.0,0,10,7,1,0,0,0,10,10
fatima.rossi@example.pl,normal,3.085,2.5216,0.0,0,12,7,1,0,1,0,5,6
bjornoliveira@example.net,normal,3.2389,2.5216,0.0,0,13,7,1,0,0,0,13,13
pierre.bernard1991@example.com.au,normal,3.2391,2.5216,0.2222,0,18,7,1,0,1,0,6,11
bas.mwangi@example.co.jp,normal,3.1219,2.5216,0.0,0,10,7,1,0,1,0,3,6
melissanwosu@example.co.jp,normal,3.1887,2.5216,0.0,0,12,7,1,0,0,0,12,12
alejandra.johnson@example.de,normal,3.2928,2.5216,0.0,0,17,7,1,0,1,0,7,9
eko.arslan@example.net,normal,3.1219,2.5216,0.0,0,10,7,1,0,1,0,3,6
mustafajones@example.com,normal,3.2516,2.5216,0.0,0,12,7,1,0,0,0,12,12
priyamutua1992@example.com,normal,3.3788,2.5216,0.2857,0,14,7,1,0,0,0,14,14
pieter.omar@example.pl,normal,3.0958,2.5216,0.0,0,11,7,1,0,1,0,4,6
ayse.mwangi1991@test.com,normal,3.5069,1.5,0.2667,0,15,4,1,0,1,0,4,10
beatrizmoreau1985@example.it,normal,3.7345,2.5216,0.2353,0,17,7,1,0,0,0,17,17
eko_romero@example.co.za,normal,2.4464,2.5216,0.0,0,10,7,1,0,0,1,10,10
arjunsantos@example.de,normal,2.914,2.5216,0.0,0,11,7,1,0,0,0,11,11
ahmad.brown@example.com.br,normal,3.2776,2.5216,0.0,0,11,7,1,0,1,0,5,5
jessica.hernandez@example.de,normal,3.4548,2.5216,0.0,0,17,7,1,0,1,0,7,9
eko_nowak@example.de,normal,2.7255,2.5216,0.0,0,9,7,1,0,0,1,9,9
jorge.davis@example.pl,normal,3.4594,2.5216,0.0,0,11,7,1,0,1,0,5,5
amit_celik1984@example.co.jp,normal,3.6645,2.5216,0.2857,0,14,7,1,0,0,1,14,14
chiara_pham@test.com,normal,2.8454,1.5,0.0,0,11,4,1,0,0,1,11,11
hatice.torres1977@example.com.br,normal,3.6169,2.5216,0.2353,0,17,7,1,0,1,0,6,10
kenji.odhiambo@example.de,normal,3.5216,2.5216,0.0,0,14,7,1,0,1,0,5,8
aisha_njeru@example.co.uk,normal,3.2776,2.5216,0.0,0,11,7,1,0,0,1,11,11
pedrowilson@example.ru,normal,3.2776,2.5216,0.0,0,11,7,1,0,0,0,11,11
iifrch@v2p2tixc7.site,spam,2.2516,2.9477,0.0,0,6,9,0,1,0,0,6,6
ximyn4u9bxf445c@llkstn3.xyz,spam,3.4566,2.5216,0.3333,0,15,7,0,1,0,0,15,15
francescanguyen@example.it,normal,3.1899,2.5216,0.0,0,15,7,1,0,0,0,15,15
andrea_reyes@example.net,normal,2.8554,2.5216,0.0,0,12,7,1,0,0,1,12,12
5JccDwJ7eTG@92qc6dr08c.online,spam,3.0958,3.1219,0.1818,0,11,10,0,1,0,0,11,11
tpwdpjb@ujq6.click,spam,2.5216,2.0,0.0,0,7,4,0,1,0,0,7,7
mikhail_wisniewski@example.com.au,normal,3.1916,2.5216,0.0,0,18,7,1,0,0,1,18,18
mwangi.de_vries@example.com.au,normal,3.6402,2.5216,0.0,0,15,7,1,0,1,1,6,8
g8tacy@hy4h350p3c.click,spam,2.585,2.9219,0.1667,0,6,10,0,1,0,0,6,6
ngozi_rossi@example.pl,normal,2.914,2.5216,0.0,0,11,7,1,0,0,1,11,11
james.simon@example.com,normal,3.0958,2.5216,0.0,0,11,7,1,0,1,0,5,5
thomas.costa@example.it,normal,2.9183,2.5216,0.0,0,12,7,1,0,1,0,5,6
iris_obi@example.es,normal,2.4056,2.5216,0.0,0,8,7,1,0,0,1,8,8
mariewang1978@test.com,normal,3.5466,1.5,0.3077,0,13,4,1,0,0,0,13,13
kofi_mendoza@example.com.au,normal,3.4183,2.5216,0.0,0,12,7,1,0,0,1,12,12
mikhailcastillo@example.co.za,normal,3.1396,2.5216,0.0,0,15,7,1,0,0,0,15,15
brunogonzalez@example.net,normal,3.2389,2.5216,0.0,0,13,7,1,0,0,0,13,13
elenaramirez@example.org,normal,2.8554,2.5216,0.0,0,12,7,1,0,0,0,12,12
freya_castillo@test.com,normal,3.5216,1.5,0.0,0,14,4,1,0,0,1,14,14
kenji_oliveira@example.com.au,normal,3.3249,2.5216,0.0,0,14,7,1,0,0,1,14,14
javier.hussein@example.co.uk,normal,3.3788,2.5216,0.0,0,14,7,1,0,1,0,6,7
monika.colombo@test.com,normal,3.0931,1.5,0.0,0,14,4,1,0,1,0,6,7
nour.wozniak1985@example.de,normal,3.75,2.5216,0.25,0,16,7,1,0,1,0,4,11
watihernandez@example.com.br,normal,3.2389,2.5216,0.0,0,13,7,1,0,0,0,13,13
javier.eriksson@example.com,normal,3.3736,2.5216,0.0,0,15,7,1,0,1,0,6,8
abena.omar1979@example.co.uk,normal,3.3249,2.5216,0.2857,0,14,7,1,0,1,0,5,8
borislindqvist@example.fr,normal,3.3249,2.5216,0.0,0,14,7,1,0,0,0,14,14
irina_coulibaly@example.com,normal,3.3232,2.5216,0.0,0,15,7,1,0,0,1,15,15
lucia.gitau@example.it,normal,2.914,2.5216,0.0,0,11,7,1,0,1,0,5,5
james.de_boer@example.es,normal,3.3347,2.5216,0.0,0,13,7,1,0,1,1,5,7
amina_chopra@example.pl,normal,3.1887,2.5216,0.0,0,12,7,1,0,0,1,12,12
katharina_lewandowski1984@example.co.uk,normal,4.0039,2.5216,0.16,0,25,7,1,0,0,1,25,25
hmlfzkicwmpe@6bndoz6.info,spam,3.4183,2.5216,0.0,0,12,7,0,1,0,0,12,12
beatriz_santoso@example.org,normal,3.3736,2.5216,0.0,0,15,7,1,0,0,1,15,15
michael.colombo@example.es,normal,3.1899,2.5216,0.0,0,15,7,1,0,1,0,7,7
aishagonzalez@example.fr,normal,3.1808,2.5216,0.0,0,13,7,1,0,0,0,13,13
fatima.demir@example.net,normal,3.085,2.5216,0.0,0,12,7,1,0,1,0,5,6
dirk.perez@example.com,normal,2.9219,2.5216,0.0,0,10,7,1,0,1,0,4,5
alijohnson@example.com,normal,2.9219,2.5216,0.0,0,10,7,1,0,0,0,10,10
siti.hassan@example.co.uk,normal,2.6635,2.5216,0.0,0,11,7,1,0,1,0,4,6
37suudqfj6ijkuuh@02g3.site,spam,3.375,2.0,0.1875,0,16,4,0,1,0,0,16,16
ali.jimenez@example.de,normal,3.0958,2.5216,0.0,0,11,7,1,0,1,0,3,7
marcoolsen@example.org,normal,3.1219,2.5216,0.0,0,10,7,1,0,0,0,10,10
aurelie.liu@example.fr,normal,2.7322,2.5216,0.0,0,11,7,1,0,1,0,3,7
aishawozniak@example.pl,normal,3.0221,2.5216,0.0,0,12,7,1,0,0,0,12,12
ashley_perez@test.com,normal,3.1887,1.5,0.0,0,12,4,1,0,0,1,12,12
valentina.khalil@example.pl,normal,3.1556,2.5216,0.0,0,16,7,1,0,1,0,6,9
ibrahim_yildiz@example.co.za,normal,3.2359,2.5216,0.0,0,14,7,1,0,0,1,14,14
k0lthy25m8kb9@tfvge2l4z.win,spam,3.5466,3.1699,0.3846,0,13,9,0,1,0,0,13,13
